city_pop,age,distance_km,day,amt_log,gender_encoded,hour_sin,hour_cos,day_of_week_sin,day_of_week_cos,month_sin,month_cos,category_entertainment,category_food_dining,category_gas_transport,category_grocery_net,category_grocery_pos,category_health_fitness,category_home,category_kids_pets,category_misc_net,category_misc_pos,category_personal_care,category_shopping_net,category_shopping_pos,category_travel,state_encoded
-0.18155137281578562,-0.23196095845727022,-2.0082703158818203,1.6318764735080469,-1.134387584991508,1.098624095686401,-0.1761814901358091,1.3851722352363147,1.3013492769120731,0.6978315065230267,-0.9613399354109513,-1.1056571729702844,0.0,0.0,0.0,0.0,0.0,0.0,0.0,0.0,0.0,1.0,0.0,0.0,0.0,0.0,0.006034114125528579
-0.290826353123017,1.7235993691807703,1.3103179086576533,-1.199654303451905,-0.6673362810094025,1.098624095686401,-1.2453381279560574,0.019883434171475936,-0.4745676401226237,-1.4517183740658524,-0.2144949997882133,-1.2901785053075374,0.0,0.0,0.0,0.0,0.0,0.0,0.0,0.0,0.0,0.0,1.0,0.0,0.0,0.0,0.006568794270111986
-0.2646159860620818,-1.0371916816023456,1.2763573897070544,-0.8598706102167106,0.5197943851818351,-0.9102294441987615,1.5905181265127992,-0.3459445975091029,-1.2649250221373824,-0.4950786800372096,-0.2144949997882133,-1.2901785053075374,0.0,0.0,1.0,0.0,0.0,0.0,0.0,0.0,0.0,0.0,0.0,0.0,0.0,0.0,0.0066519843588475885
-0.2756020898908063,-0.3469939189065667,1.1985705965600852,-1.0863930723735067,0.4510984814055798,1.098624095686401,0.5705136272635173,1.3851722352363152,0.7930671786964866,-1.4517183740658521,1.0790783740858765,0.7757504567812562,0.0,0.0,0.0,1.0,0.0,0.0,0.0,0.0,0.0,0.0,0.0,0.0,0.0,0.0,0.005727713320605081
-0.29120381419489,2.4137971318765494,0.4880092444362602,0.4992641627240662,0.7301435681767318,1.098624095686401,-1.1961859893850901,0.38571146585205485,0.15924976928693121,1.2287264842017966,0.5323499358345247,1.279872111806934,0.0,0.0,0.0,0.0,0.0,0.0,0.0,0.0,0.0,0.0,1.0,0.0,0.0,0.0,0.005263157894736842
-0.2908760190535266,0.3432038437892123,-1.682303490077951,1.4053540113512508,0.29113632028886127,1.098624095686401,-1.1961859893850901,-0.3459445975091029,-0.9828497383382108,0.6978315065230265,-0.9613399354109513,-1.1056571729702844,1.0,0.0,0.0,0.0,0.0,0.0,0.0,0.0,0.0,0.0,0.0,0.0,0.0,0.0,0.004804026231508312
-0.276648385493542,-0.23196095845727022,-1.7474529103903402,-0.29356445482472027,-0.1880644984757712,1.098624095686401,-0.822838430685427,-0.9795773352127839,0.15924976928693121,1.2287264842017966,1.0790783740858765,-0.6015355179446059,0.0,0.0,0.0,0.0,0.0,0.0,0.0,1.0,0.0,0.0,0.0,0.0,0.0,0.0,0.005701642413411624
-0.2911210376440406,-0.9796752013776975,1.1427426220948163,0.7257866248808623,0.6226910764707595,1.098624095686401,-1.1961859893850901,-0.3459445975091029,1.583424560711245,-0.49507868003720934,1.0790783740858765,-0.6015355179446059,0.0,0.0,0.0,0.0,0.0,0.0,0.0,0.0,0.0,0.0,1.0,0.0,0.0,0.0,0.004595959595959596
-0.29063431152504654,-1.324774082725587,-0.9052226727081467,-1.539437996687099,-0.8826693771200709,1.098624095686401,-0.8228384306854276,1.0193442035557354,0.7930671786964866,-1.4517183740658521,1.0790783740858765,-0.6015355179446059,0.0,0.0,0.0,0.0,0.0,0.0,0.0,0.0,0.0,1.0,0.0,0.0,0.0,0.0,0.005579171094580234
-0.28062828205837825,2.126214730753308,1.5959616646663664,1.0655703181160565,0.9519224552223448,-0.9102294441987615,1.4464113478157588,0.7266089217330104,-0.4745676401226237,-1.4517183740658524,-1.5080683736623033,0.7757504567812562,0.0,0.0,0.0,0.0,1.0,0.0,0.0,0.0,0.0,0.0,0.0,0.0,0.0,0.0,0.005727713320605081
-0.29188258191185457,-0.28947743868191844,0.4983925441688072,1.745137704586445,0.567678835070274,1.098624095686401,-0.822838430685427,-0.9795773352127839,-0.9828497383382108,0.6978315065230265,0.5323499358345247,-1.1056571729702842,0.0,0.0,0.0,0.0,0.0,1.0,0.0,0.0,0.0,0.0,0.0,0.0,0.0,0.0,0.005522265303724592
0.6200070796787182,-0.28947743868191844,0.9770366015002778,-0.5200869169815164,0.47835757483292934,1.098624095686401,-0.8228384306854276,1.0193442035557354,-1.2649250221373824,-0.4950786800372096,1.0790783740858765,-0.6015355179446059,0.0,0.0,0.0,0.0,0.0,0.0,1.0,0.0,0.0,0.0,0.0,0.0,0.0,0.0,0.006548038524782711
-0.27524118412910314,0.05562144266597105,-0.03877614555114778,-0.5200869169815164,-1.9502565540621994,-0.9102294441987615,-0.1761814901358091,1.3851722352363147,0.15924976928693121,1.2287264842017966,0.5323499358345247,-1.1056571729702842,0.0,0.0,0.0,0.0,0.0,0.0,0.0,0.0,0.0,0.0,0.0,0.0,1.0,0.0,0.005016791740951118
1.075516505816537,0.28568736356456403,-0.6577690078811043,1.1788315491944545,0.6921872968494658,-0.9102294441987615,1.639670265083767,0.019883434171476283,0.15924976928693121,1.2287264842017966,-1.5080683736623028,-0.6015355179446069,0.0,0.0,1.0,0.0,0.0,0.0,0.0,0.0,0.0,0.0,0.0,0.0,0.0,0.0,0.005578996718237224
-0.26978786495914864,-0.864642240928401,-1.1312006835203616,0.2727417005672701,0.9467241060349725,1.098624095686401,-1.1961859893850901,0.38571146585205485,0.7930671786964866,-1.4517183740658521,-0.9613399354109513,-1.1056571729702844,0.0,1.0,0.0,0.0,0.0,0.0,0.0,0.0,0.0,0.0,0.0,0.0,0.0,0.0,0.004804026231508312
-0.11251572940743564,-0.8071257607037527,1.8830686662608718,1.6318764735080469,0.47615288145102047,1.098624095686401,0.19716606856385466,1.4333344092945444,-1.2649250221373824,-0.4950786800372096,-0.9613399354109522,1.2798721118069336,0.0,0.0,0.0,1.0,0.0,0.0,0.0,0.0,0.0,0.0,0.0,0.0,0.0,0.0,0.006548038524782711
-0.2917799389888014,0.7458192053617501,-0.3806694811315115,0.2727417005672701,0.5886489066810819,1.098624095686401,1.2171705678131368,-0.9795773352127832,0.7930671786964866,-1.4517183740658521,-0.9613399354109513,-1.1056571729702844,0.0,0.0,1.0,0.0,0.0,0.0,0.0,0.0,0.0,0.0,0.0,0.0,0.0,0.0,0.006034114125528579
-0.29365400010003045,1.7811158494054187,0.8182685539067998,0.159480469488872,0.8206607565813069,1.098624095686401,0.9184181668238106,-1.2042010172889874,-0.9828497383382108,0.6978315065230265,1.279194871457263,0.08710746941832495,0.0,0.0,0.0,0.0,1.0,0.0,0.0,0.0,0.0,0.0,0.0,0.0,0.0,0.0,0.007754028723619446
-0.29094555135624006,-0.05941151778332546,-0.09324653172206322,0.2727417005672701,0.014602681017047188,-0.9102294441987615,-0.5240860296961021,1.2439678856319394,1.583424560711245,-0.49507868003720934,-0.21449499978821382,1.4643934441441873,0.0,0.0,0.0,0.0,0.0,0.0,0.0,0.0,0.0,0.0,1.0,0.0,0.0,0.0,0.005701642413411624
-0.2761252376921741,0.4582368042385088,-0.23502547036007715,-0.29356445482472027,1.3197777712057257,1.098624095686401,1.5905181265127992,0.3857114658520555,0.15924976928693121,1.2287264842017966,0.5323499358345247,-1.1056571729702842,0.0,0.0,0.0,0.0,0.0,0.0,0.0,0.0,1.0,0.0,0.0,0.0,0.0,0.0,0.005016791740951118
-0.29131970136607904,0.05562144266597105,-0.5735796825877927,0.2727417005672701,0.9703662087503273,-0.9102294441987615,1.5905181265127992,0.3857114658520555,-1.2649250221373824,-0.4950786800372096,0.5323499358345247,-1.1056571729702842,0.0,0.0,0.0,0.0,1.0,0.0,0.0,0.0,0.0,0.0,0.0,0.0,0.0,0.0,0.005370802365323062
-0.2936506890379965,1.9536652900793634,1.4385767831616494,-0.1803032237463222,-2.0486515242648715,-0.9102294441987615,0.5705136272635176,-1.3454053668933625,-1.2649250221373824,-0.4950786800372096,-0.21449499978821382,1.4643934441441873,0.0,0.0,0.0,0.0,0.0,0.0,0.0,0.0,0.0,1.0,0.0,0.0,0.0,0.0,0.007382066978754051
-0.281161363045848,0.17065440311526756,0.22269131490559718,-0.7466093791383126,0.6269441853209266,1.098624095686401,-0.1761814901358091,1.3851722352363147,-1.2649250221373824,-0.4950786800372096,1.0790783740858765,0.7757504567812562,0.0,0.0,0.0,0.0,0.0,0.0,1.0,0.0,0.0,0.0,0.0,0.0,0.0,0.0,0.0066519843588475885
-0.27472134738976933,1.205951047158936,2.001046503970167,1.5186152424296488,0.6411534503098156,-0.9102294441987615,1.5905181265127992,-0.3459445975091029,0.15924976928693121,1.2287264842017966,1.0790783740858765,-0.6015355179446059,0.0,0.0,0.0,0.0,1.0,0.0,0.0,0.0,0.0,0.0,0.0,0.0,0.0,0.0,0.005263157894736842
-0.29342884788172025,1.5510499285068255,-0.4629443679215813,0.159480469488872,0.9766324395910161,1.098624095686401,0.5705136272635173,1.3851722352363152,0.7930671786964866,-1.4517183740658521,-1.5080683736623033,0.7757504567812562,0.0,0.0,0.0,0.0,1.0,0.0,0.0,0.0,0.0,0.0,0.0,0.0,0.0,0.0,0.0070486706689536875
-0.2936242005417247,-1.0371916816023456,-0.12125094338409137,0.7257866248808623,-0.03974043945968301,-0.9102294441987615,0.19716606856385466,1.4333344092945444,0.15924976928693121,1.2287264842017966,-0.9613399354109513,-1.1056571729702844,0.0,0.0,0.0,1.0,0.0,0.0,0.0,0.0,0.0,0.0,0.0,0.0,0.0,0.0,0.0066519843588475885
-0.29091244073590034,-0.864642240928401,0.8072338456505735,0.4992641627240662,0.940008184434025,-0.9102294441987615,1.4464113478157588,-0.6868420533900575,-0.4745676401226237,-1.4517183740658524,-0.21449499978821382,1.4643934441441873,0.0,0.0,0.0,0.0,1.0,0.0,0.0,0.0,0.0,0.0,0.0,0.0,0.0,0.0,0.005139364755995925
-0.28989263362943646,0.8608521658110466,-0.8500313476838652,-1.426176765608701,0.7291704797109989,1.098624095686401,-0.5240860296961021,1.2439678856319394,-0.9828497383382108,0.6978315065230265,1.279194871457263,0.08710746941832495,0.0,0.0,0.0,0.0,0.0,0.0,1.0,0.0,0.0,0.0,0.0,0.0,0.0,0.0,0.005522265303724592
-0.20123894766979275,-0.634576320029808,-0.3073911856996115,1.5186152424296488,0.41677917299621514,-0.9102294441987615,1.2171705678131368,1.0193442035557359,-0.9828497383382108,0.6978315065230265,-0.21449499978821382,1.4643934441441873,0.0,0.0,0.0,1.0,0.0,0.0,0.0,0.0,0.0,0.0,0.0,0.0,0.0,0.0,0.005748611290530939
0.6200070796787182,-0.3469939189065667,0.40904451684269294,1.1788315491944545,-1.2524939560848871,1.098624095686401,-0.8228384306854276,1.0193442035557354,1.3013492769120731,0.6978315065230267,-0.9613399354109522,1.2798721118069336,0.0,0.0,0.0,0.0,0.0,0.0,0.0,0.0,0.0,1.0,0.0,0.0,0.0,0.0,0.006548038524782711
-0.291707095624054,0.2281708833399158,-0.3789607137141693,0.9523090870376585,0.5166574872225488,1.098624095686401,1.4464113478157588,0.7266089217330104,0.15924976928693121,1.2287264842017966,-0.2144949997882133,-1.2901785053075374,0.0,0.0,1.0,0.0,0.0,0.0,0.0,0.0,0.0,0.0,0.0,0.0,0.0,0.0,0.007382066978754051
-0.2744001743724739,-1.094708161826994,1.198421033696188,0.04621923841047393,1.4138729370360008,-0.9102294441987615,1.2171705678131368,-0.9795773352127832,1.3013492769120731,0.6978315065230267,1.0790783740858765,-0.6015355179446059,0.0,0.0,0.0,0.0,1.0,0.0,0.0,0.0,0.0,0.0,0.0,0.0,0.0,0.0,0.00507306531736306
-0.29293549963865817,0.1131379228906193,1.5168572428493923,-0.1803032237463222,0.6308727282127108,1.098624095686401,0.19716606856385482,-1.3935675409515917,-1.2649250221373824,-0.4950786800372096,-1.7081848710336898,0.08710746941832462,0.0,0.0,0.0,0.0,0.0,0.0,1.0,0.0,0.0,0.0,0.0,0.0,0.0,0.0,0.0066519843588475885
-0.29155147570845724,1.0909180867096395,-0.7117248330202307,1.0655703181160565,0.923097383110496,1.098624095686401,-0.8228384306854276,1.0193442035557354,1.583424560711245,-0.49507868003720934,-1.7081848710336898,0.08710746941832462,0.0,0.0,0.0,0.0,0.0,0.0,0.0,0.0,0.0,0.0,1.0,0.0,0.0,0.0,0.005139364755995925
-0.2921673332467763,-0.40451039913121495,-2.3464788226470024,1.5186152424296488,0.4063814645076397,-0.9102294441987615,1.5905181265127992,-0.3459445975091029,-1.2649250221373824,-0.4950786800372096,-0.2144949997882133,-1.2901785053075374,0.0,0.0,1.0,0.0,0.0,0.0,0.0,0.0,0.0,0.0,0.0,0.0,0.0,0.0,0.007369614512471655
-0.09603657366434894,-0.5770598398051597,1.2729439556739794,-0.9731318412951087,-0.226849381736295,-0.9102294441987615,-1.0520792106880494,0.7266089217330104,-0.9828497383382108,0.6978315065230265,-0.2144949997882133,-1.2901785053075374,0.0,0.0,0.0,0.0,0.0,1.0,0.0,0.0,0.0,0.0,0.0,0.0,0.0,0.0,0.005263157894736842
-0.03024908211132708,-0.28947743868191844,0.539557532989121,1.4053540113512508,-0.13775034563642902,-0.9102294441987615,0.19716606856385482,-1.3935675409515917,1.3013492769120731,0.6978315065230267,0.5323499358345247,-1.1056571729702842,0.0,0.0,0.0,0.0,0.0,1.0,0.0,0.0,0.0,0.0,0.0,0.0,0.0,0.0,0.006548038524782711
-0.2604904027677507,-0.23196095845727022,0.020570590375235825,-1.652699227765497,0.7395459148040753,-0.9102294441987615,1.2171705678131368,-0.9795773352127832,0.7930671786964866,-1.4517183740658521,-1.5080683736623028,-0.6015355179446069,0.0,0.0,0.0,1.0,0.0,0.0,0.0,0.0,0.0,0.0,0.0,0.0,0.0,0.0,0.004715291870598066
-0.2867405025730935,1.148434566934288,0.43678728577478315,1.0655703181160565,1.078785785352666,-0.9102294441987615,-0.5240860296961021,1.2439678856319394,0.15924976928693121,1.2287264842017966,1.279194871457263,0.08710746941832495,0.0,0.0,0.0,0.0,0.0,0.0,0.0,1.0,0.0,0.0,0.0,0.0,0.0,0.0,0.0066519843588475885
-0.28946881768908783,2.7013795329997907,-0.21309466972406838,1.6318764735080469,0.9874938555721394,-0.9102294441987615,-1.0520792106880494,0.7266089217330104,-1.2649250221373824,-0.4950786800372096,1.279194871457263,0.08710746941832495,0.0,0.0,0.0,0.0,0.0,0.0,0.0,0.0,0.0,0.0,1.0,0.0,0.0,0.0,0.005838717396506341
-0.29309111955425493,-1.324774082725587,1.4770538129770872,0.159480469488872,-1.6632969368014217,-0.9102294441987615,-1.1961859893850901,-0.3459445975091029,1.583424560711245,-0.49507868003720934,-0.2144949997882133,-1.2901785053075374,0.0,0.0,0.0,0.0,0.0,0.0,0.0,1.0,0.0,0.0,0.0,0.0,0.0,0.0,0.0057821327683615815
-0.2864921729205455,-0.7496092804791045,0.44742910010756104,0.7257866248808623,0.890000638548694,1.098624095686401,0.5705136272635173,1.3851722352363152,1.583424560711245,-0.49507868003720934,0.5323499358345247,-1.1056571729702842,0.0,0.0,0.0,0.0,0.0,0.0,0.0,0.0,1.0,0.0,0.0,0.0,0.0,0.0,0.005370802365323062
-0.262086334668126,-1.324774082725587,0.7379636575422466,-1.199654303451905,0.11324488633052003,-0.9102294441987615,1.639670265083767,0.019883434171476283,-0.9828497383382108,0.6978315065230265,0.5323499358345247,1.279872111806934,0.0,0.0,0.0,1.0,0.0,0.0,0.0,0.0,0.0,0.0,0.0,0.0,0.0,0.0,0.005701642413411624
-0.22867440768329816,-0.634576320029808,-0.9758194544631286,-0.29356445482472027,1.5090341645322158,-0.9102294441987615,-1.052079210688049,-0.6868420533900584,-0.4745676401226237,-1.4517183740658524,-1.7081848710336898,0.08710746941832462,0.0,0.0,0.0,0.0,0.0,1.0,0.0,0.0,0.0,0.0,0.0,0.0,0.0,0.0,0.005522265303724592
-0.29029327213554723,-1.3822905629502353,-2.496186036369727,-0.29356445482472027,0.9128968011147829,-0.9102294441987615,-1.2453381279560574,0.019883434171475936,-0.4745676401226237,-1.4517183740658524,-0.21449499978821382,1.4643934441441873,0.0,0.0,0.0,0.0,0.0,0.0,0.0,0.0,0.0,1.0,0.0,0.0,0.0,0.0,0.005139364755995925
0.23161619203157857,-0.28947743868191844,0.3941753809402454,0.6125253938024643,0.20805929168412624,1.098624095686401,1.639670265083767,0.019883434171476283,-1.2649250221373824,-0.4950786800372096,-0.21449499978821382,1.4643934441441873,0.0,0.0,0.0,0.0,0.0,0.0,0.0,0.0,1.0,0.0,0.0,0.0,0.0,0.0,0.00788296285775158
-0.07174000045905052,0.5732697646878053,-0.9307438021742492,-1.0863930723735067,1.1057779815742348,-0.9102294441987615,-0.1761814901358091,1.3851722352363147,-0.4745676401226237,-1.4517183740658524,-0.21449499978821382,1.4643934441441873,0.0,0.0,0.0,0.0,0.0,0.0,0.0,1.0,0.0,0.0,0.0,0.0,0.0,0.0,0.005263157894736842
-0.1374082937788493,-0.40451039913121495,0.37604924295885694,0.7257866248808623,0.5147925809013387,1.098624095686401,-1.0520792106880494,0.7266089217330104,-1.2649250221373824,-0.4950786800372096,-0.2144949997882133,-1.2901785053075374,0.0,0.0,0.0,0.0,0.0,0.0,0.0,1.0,0.0,0.0,0.0,0.0,0.0,0.0,0.005070993914807302
-0.2921441558125385,0.4582368042385088,0.5301022213353566,-0.1803032237463222,0.12606319268671948,-0.9102294441987615,0.5705136272635173,1.3851722352363152,-0.9828497383382108,0.6978315065230265,-0.2144949997882133,-1.2901785053075374,0.0,0.0,1.0,0.0,0.0,0.0,0.0,0.0,0.0,0.0,0.0,0.0,0.0,0.0,0.006568794270111986
-0.27392669250161567,1.4935334482821774,-0.35025148733314493,1.0655703181160565,0.9461889669317584,1.098624095686401,-1.0520792106880494,0.7266089217330104,-1.2649250221373824,-0.4950786800372096,0.5323499358345247,-1.1056571729702842,0.0,0.0,0.0,0.0,0.0,0.0,1.0,0.0,0.0,0.0,0.0,0.0,0.0,0.0,0.0068654795108345846
-0.057658053628560704,-1.1522246420516422,-1.2631265479318308,0.159480469488872,-1.186996494547642,1.098624095686401,-1.052079210688049,-0.6868420533900584,-0.4745676401226237,-1.4517183740658524,0.5323499358345247,1.279872111806934,0.0,0.0,0.0,0.0,0.0,0.0,0.0,0.0,0.0,0.0,0.0,1.0,0.0,0.0,0.004715291870598066
-0.2854889211242515,0.2281708833399158,-2.044716854850034,-0.9731318412951087,0.07036960376361193,-0.9102294441987615,-0.524086029696101,-1.2042010172889877,0.7930671786964866,-1.4517183740658521,0.5323499358345247,-1.1056571729702842,0.0,0.0,0.0,0.0,0.0,0.0,0.0,0.0,0.0,0.0,0.0,1.0,0.0,0.0,0.00507306531736306
1.9817608066391847,-0.0018950375586772059,-0.9324090945840233,-0.7466093791383126,-1.9281715291956503,1.098624095686401,1.2171705678131368,1.0193442035557359,0.15924976928693121,1.2287264842017966,-1.7081848710336898,0.08710746941832462,0.0,0.0,0.0,0.0,0.0,0.0,0.0,0.0,1.0,0.0,0.0,0.0,0.0,0.0,0.005579171094580234
-0.19869605202770102,-1.4973235233995317,-0.16907778147722013,0.04621923841047393,0.360068526840681,1.098624095686401,1.2171705678131368,1.0193442035557359,-1.2649250221373824,-0.4950786800372096,-0.9613399354109522,1.2798721118069336,0.0,0.0,1.0,0.0,0.0,0.0,0.0,0.0,0.0,0.0,0.0,0.0,0.0,0.0,0.00507306531736306
-0.28106534224686275,0.6307862449124536,-0.2314252880097138,1.4053540113512508,0.8999367362389661,-0.9102294441987615,0.5705136272635176,-1.3454053668933625,0.15924976928693121,1.2287264842017966,-1.5080683736623033,0.7757504567812562,0.0,0.0,0.0,0.0,1.0,0.0,0.0,0.0,0.0,0.0,0.0,0.0,0.0,0.0,0.006034114125528579
-0.2902833389494453,1.205951047158936,-1.5205181496689584,-0.6333481480599145,0.5206055884671523,-0.9102294441987615,-1.2453381279560574,0.019883434171475936,-0.9828497383382108,0.6978315065230265,-0.9613399354109522,1.2798721118069336,0.0,0.0,0.0,0.0,0.0,0.0,1.0,0.0,0.0,0.0,0.0,0.0,0.0,0.0,0.005578996718237224
-0.2604904027677507,-0.23196095845727022,-0.2075218680245874,-1.0863930723735067,1.4057381821498822,-0.9102294441987615,1.5905181265127992,0.3857114658520555,-1.2649250221373824,-0.4950786800372096,1.0790783740858765,-0.6015355179446059,0.0,0.0,0.0,0.0,1.0,0.0,0.0,0.0,0.0,0.0,0.0,0.0,0.0,0.0,0.004715291870598066
-0.2877371322453196,-0.864642240928401,-1.7310842360990677,-0.7466093791383126,0.6084466587734461,-0.9102294441987615,-1.1961859893850901,0.38571146585205485,-1.2649250221373824,-0.4950786800372096,1.279194871457263,0.08710746941832495,0.0,0.0,0.0,0.0,0.0,0.0,0.0,0.0,0.0,1.0,0.0,0.0,0.0,0.0,0.004802544050361813
-0.2930944306162889,-0.5770598398051597,-0.15359693857105067,1.0655703181160565,0.8754770144996287,1.098624095686401,0.5705136272635173,1.3851722352363152,1.3013492769120731,0.6978315065230267,-0.2144949997882133,-1.2901785053075374,0.0,0.0,0.0,0.0,1.0,0.0,0.0,0.0,0.0,0.0,0.0,0.0,0.0,0.0,0.0041211101766190075
-0.29176007261659753,-0.9221587211530492,0.10220015628342079,-0.8598706102167106,0.6129840421409021,1.098624095686401,0.19716606856385482,-1.3935675409515917,-0.4745676401226237,-1.4517183740658524,1.0790783740858765,0.7757504567812562,0.0,0.0,0.0,0.0,0.0,1.0,0.0,0.0,0.0,0.0,0.0,0.0,0.0,0.0,0.005579171094580234
-0.2919289367803302,0.3432038437892123,0.6256083240172751,-1.426176765608701,-0.8487731943734534,-0.9102294441987615,-1.2453381279560574,0.019883434171475936,-1.2649250221373824,-0.4950786800372096,-1.5080683736623028,-0.6015355179446069,0.0,0.0,0.0,0.0,0.0,1.0,0.0,0.0,0.0,0.0,0.0,0.0,0.0,0.0,0.0057821327683615815
-0.2260487354903571,-1.3822905629502353,0.4942000531305828,-1.539437996687099,-1.7599972181975754,1.098624095686401,-0.822838430685427,-0.9795773352127839,-1.2649250221373824,-0.4950786800372096,1.0790783740858765,0.7757504567812562,0.0,0.0,0.0,0.0,0.0,0.0,0.0,1.0,0.0,0.0,0.0,0.0,0.0,0.0,0.006808838643371017
-0.27524118412910314,0.05562144266597105,-1.6355946051334302,0.2727417005672701,0.24873865878791152,-0.9102294441987615,1.5905181265127992,-0.3459445975091029,-1.2649250221373824,-0.4950786800372096,0.5323499358345247,1.279872111806934,0.0,0.0,0.0,0.0,0.0,0.0,0.0,0.0,0.0,1.0,0.0,0.0,0.0,0.0,0.005016791740951118
-0.29329640540036134,-0.23196095845727022,-0.25835188434053546,-0.06704199266792414,0.4875978081679942,1.098624095686401,-1.052079210688049,-0.6868420533900584,1.583424560711245,-0.49507868003720934,0.5323499358345247,1.279872111806934,0.0,1.0,0.0,0.0,0.0,0.0,0.0,0.0,0.0,0.0,0.0,0.0,0.0,0.0,0.005579171094580234
-0.2877371322453196,-0.864642240928401,-0.5339226666881555,-0.1803032237463222,1.2923025346735215,-0.9102294441987615,1.5905181265127992,0.3857114658520555,-1.2649250221373824,-0.4950786800372096,-0.21449499978821382,1.4643934441441873,0.0,0.0,0.0,0.0,0.0,0.0,0.0,0.0,1.0,0.0,0.0,0.0,0.0,0.0,0.004802544050361813
-0.2788138200637607,-1.4398070431748835,-0.9207695017246229,0.3860029316456681,-1.3494291591827874,-0.9102294441987615,-1.0520792106880494,0.7266089217330104,-1.2649250221373824,-0.4950786800372096,-1.5080683736623033,0.7757504567812562,0.0,1.0,0.0,0.0,0.0,0.0,0.0,0.0,0.0,0.0,0.0,0.0,0.0,0.0,0.006061250531688643
-0.2719036335988578,0.6307862449124536,0.9856399057028289,-1.426176765608701,0.540727630795779,-0.9102294441987615,0.19716606856385466,1.4333344092945444,1.3013492769120731,0.6978315065230267,-1.7081848710336898,0.08710746941832462,0.0,0.0,1.0,0.0,0.0,0.0,0.0,0.0,0.0,0.0,0.0,0.0,0.0,0.0,0.005016791740951118
4.759510078800674,-0.6920928002544562,1.09833507625636,-0.29356445482472027,-1.523809794496903,-0.9102294441987615,-0.524086029696101,-1.2042010172889877,-0.9828497383382108,0.6978315065230265,0.5323499358345247,1.279872111806934,0.0,0.0,0.0,0.0,0.0,0.0,0.0,0.0,0.0,0.0,0.0,0.0,1.0,0.0,0.005579171094580234
-0.29209780094406285,-0.9221587211530492,-0.8365393013168329,-0.5200869169815164,1.3924897854655174,-0.9102294441987615,-1.052079210688049,-0.6868420533900584,0.15924976928693121,1.2287264842017966,1.279194871457263,0.08710746941832495,0.0,0.0,0.0,0.0,0.0,0.0,1.0,0.0,0.0,0.0,0.0,0.0,0.0,0.0,0.006808838643371017
-0.2922931536040673,0.3432038437892123,1.007563783162674,1.6318764735080469,0.61657446625639,1.098624095686401,1.5905181265127992,-0.3459445975091029,0.7930671786964866,-1.4517183740658521,0.5323499358345247,-1.1056571729702842,0.0,0.0,0.0,0.0,0.0,0.0,0.0,0.0,0.0,0.0,0.0,1.0,0.0,0.0,0.005748611290530939
-0.2929984098173037,1.7235993691807703,-1.6030987898900966,1.2920927802728528,-0.45660572237389346,1.098624095686401,1.639670265083767,0.019883434171476283,-0.9828497383382108,0.6978315065230265,0.5323499358345247,1.279872111806934,0.0,0.0,0.0,0.0,0.0,0.0,0.0,0.0,1.0,0.0,0.0,0.0,0.0,0.0,0.00507306531736306
-0.2909223739220022,-0.864642240928401,-0.6705215674289664,0.2727417005672701,0.7013244988004689,1.098624095686401,-1.0520792106880494,0.7266089217330104,1.583424560711245,-0.49507868003720934,-1.7081848710336898,0.08710746941832462,1.0,0.0,0.0,0.0,0.0,0.0,0.0,0.0,0.0,0.0,0.0,0.0,0.0,0.0,0.005016791740951118
-0.29346195850205997,0.9183686460356948,-0.8842251257112995,-0.1803032237463222,1.7943172744175944,-0.9102294441987615,1.4464113478157588,-0.6868420533900575,-0.9828497383382108,0.6978315065230265,1.0790783740858765,-0.6015355179446059,0.0,0.0,0.0,0.0,0.0,0.0,0.0,0.0,0.0,0.0,0.0,1.0,0.0,0.0,0.0070486706689536875
-0.25296435876452866,-0.6920928002544562,1.2052489809480376,0.04621923841047393,0.20580313318751875,-0.9102294441987615,-0.8228384306854276,1.0193442035557354,-1.2649250221373824,-0.4950786800372096,-0.9613399354109522,1.2798721118069336,0.0,1.0,0.0,0.0,0.0,0.0,0.0,0.0,0.0,0.0,0.0,0.0,0.0,0.0,0.0070486706689536875
-0.2888728265229726,-1.094708161826994,-1.2049083643376122,1.6318764735080469,0.5638542244513103,1.098624095686401,-0.1761814901358091,1.3851722352363147,-1.2649250221373824,-0.4950786800372096,0.5323499358345247,-1.1056571729702842,1.0,0.0,0.0,0.0,0.0,0.0,0.0,0.0,0.0,0.0,0.0,0.0,0.0,0.0,0.0058619693907017035
-0.2855716976751009,-0.6920928002544562,1.9232048537828126,-1.539437996687099,0.3132388267639197,1.098624095686401,1.2171705678131368,1.0193442035557359,-0.9828497383382108,0.6978315065230265,1.0790783740858765,0.7757504567812562,0.0,0.0,1.0,0.0,0.0,0.0,0.0,0.0,0.0,0.0,0.0,0.0,0.0,0.0,0.005019475565192949
-0.1919712850367006,-1.1522246420516422,1.8246444646953217,0.8390478559592605,-0.026262278789052997,1.098624095686401,-1.052079210688049,-0.6868420533900584,-0.9828497383382108,0.6978315065230265,-0.2144949997882133,-1.2901785053075374,1.0,0.0,0.0,0.0,0.0,0.0,0.0,0.0,0.0,0.0,0.0,0.0,0.0,0.0,0.004595959595959596
-0.29271696954441595,0.05562144266597105,1.7702925885200405,0.4992641627240662,-0.9308005570682203,-0.9102294441987615,-0.524086029696101,-1.2042010172889877,-0.4745676401226237,-1.4517183740658524,-1.7081848710336898,0.08710746941832462,0.0,0.0,0.0,0.0,0.0,0.0,0.0,0.0,0.0,0.0,0.0,1.0,0.0,0.0,0.00609632188579557
-0.28125407278279924,1.3209840076082326,0.0982303348506368,-1.199654303451905,0.27778784867387407,-0.9102294441987615,0.9184181668238106,-1.2042010172889874,0.15924976928693121,1.2287264842017966,-1.5080683736623028,-0.6015355179446069,0.0,1.0,0.0,0.0,0.0,0.0,0.0,0.0,0.0,0.0,0.0,0.0,0.0,0.0,0.004802544050361813
-0.29218388855694616,-0.40451039913121495,-1.9719087205839214,0.4992641627240662,0.6885580322509146,-0.9102294441987615,0.19716606856385482,-1.3935675409515917,-1.2649250221373824,-0.4950786800372096,-0.9613399354109513,-1.1056571729702844,0.0,0.0,0.0,0.0,0.0,0.0,0.0,0.0,0.0,0.0,1.0,0.0,0.0,0.0,0.004595959595959596
-0.2199994251542873,1.9536652900793634,-0.27761481332329063,1.0655703181160565,-1.1065272046752368,-0.9102294441987615,0.19716606856385466,1.4333344092945444,-0.4745676401226237,-1.4517183740658524,0.5323499358345247,1.279872111806934,0.0,0.0,0.0,0.0,0.0,0.0,0.0,0.0,0.0,1.0,0.0,0.0,0.0,0.0,0.0070486706689536875
-4.5574237419719316e-05,-0.864642240928401,0.550879419743196,-0.7466093791383126,1.5223923033770408,-0.9102294441987615,0.19716606856385482,-1.3935675409515917,-0.9828497383382108,0.6978315065230265,-0.2144949997882133,-1.2901785053075374,0.0,0.0,0.0,0.0,0.0,0.0,0.0,0.0,0.0,0.0,0.0,0.0,1.0,0.0,0.006548038524782711
-0.27402271330060085,0.3432038437892123,-1.344872604481154,-1.0863930723735067,0.6410542896705832,-0.9102294441987615,0.5705136272635173,1.3851722352363152,-0.4745676401226237,-1.4517183740658524,-0.21449499978821382,1.4643934441441873,0.0,0.0,0.0,0.0,1.0,0.0,0.0,0.0,0.0,0.0,0.0,0.0,0.0,0.0,0.005838717396506341
-0.18192552282562463,-0.9796752013776975,0.5324008545015979,0.159480469488872,-0.20647489300395208,1.098624095686401,-0.8228384306854276,1.0193442035557354,1.583424560711245,-0.49507868003720934,-0.2144949997882133,-1.2901785053075374,1.0,0.0,0.0,0.0,0.0,0.0,0.0,0.0,0.0,0.0,0.0,0.0,0.0,0.0,0.006548038524782711
0.11464299249535853,-1.0371916816023456,-0.25685380740585173,0.04621923841047393,-0.6748724800462205,-0.9102294441987615,-1.052079210688049,-0.6868420533900584,0.7930671786964866,-1.4517183740658521,1.0790783740858765,-0.6015355179446059,0.0,0.0,0.0,0.0,0.0,0.0,0.0,1.0,0.0,0.0,0.0,0.0,0.0,0.0,0.004802544050361813
0.011116015879105354,1.7235993691807703,-1.4057205302196383,-0.29356445482472027,-0.25309393419064624,-0.9102294441987615,-0.524086029696101,-1.2042010172889877,-0.4745676401226237,-1.4517183740658524,-0.21449499978821382,1.4643934441441873,0.0,0.0,0.0,0.0,0.0,0.0,0.0,1.0,0.0,0.0,0.0,0.0,0.0,0.0,0.006034114125528579
-0.2816414670407742,-0.7496092804791045,-1.5326386511727246,-0.7466093791383126,-0.8040603781669792,-0.9102294441987615,-1.2453381279560574,0.019883434171475936,-0.9828497383382108,0.6978315065230265,1.0790783740858765,0.7757504567812562,0.0,0.0,0.0,0.0,0.0,0.0,0.0,0.0,0.0,0.0,0.0,1.0,0.0,0.0,0.005579171094580234
-0.2922931536040673,1.8386323296300668,0.682331571091705,-0.06704199266792414,-0.9654178874383322,1.098624095686401,0.19716606856385466,1.4333344092945444,0.15924976928693121,1.2287264842017966,-0.9613399354109513,-1.1056571729702844,0.0,0.0,0.0,0.0,0.0,0.0,0.0,0.0,0.0,0.0,0.0,1.0,0.0,0.0,0.005578996718237224
0.13113539248658113,-1.094708161826994,-0.7662775985278713,0.04621923841047393,-1.1996610060623698,-0.9102294441987615,-0.176181490135808,-1.3454053668933625,1.583424560711245,-0.49507868003720934,0.5323499358345247,1.279872111806934,0.0,0.0,0.0,0.0,0.0,0.0,0.0,0.0,0.0,0.0,0.0,1.0,0.0,0.0,0.0058619693907017035
-0.29253817219458134,2.4137971318765494,0.5807016222862991,1.6318764735080469,0.8042027406779626,1.098624095686401,-1.2453381279560574,0.019883434171475936,-1.2649250221373824,-0.4950786800372096,1.279194871457263,0.08710746941832495,0.0,0.0,0.0,0.0,0.0,0.0,1.0,0.0,0.0,0.0,0.0,0.0,0.0,0.0,0.0066519843588475885
-0.29348182487426383,0.4582368042385088,-0.4432279346637681,1.745137704586445,-0.39880064142635024,1.098624095686401,-1.0520792106880494,0.7266089217330104,-0.9828497383382108,0.6978315065230265,1.279194871457263,0.08710746941832495,0.0,0.0,0.0,0.0,0.0,1.0,0.0,0.0,0.0,0.0,0.0,0.0,0.0,0.0,0.005838717396506341
-0.11444276751120828,-1.094708161826994,-0.7322877909397729,-0.1803032237463222,1.0230219025667922,-0.9102294441987615,1.4464113478157588,0.7266089217330104,-0.9828497383382108,0.6978315065230265,-0.9613399354109513,-1.1056571729702844,0.0,0.0,0.0,0.0,0.0,0.0,0.0,0.0,0.0,1.0,0.0,0.0,0.0,0.0,0.004715291870598066
-0.29324342840781775,1.666082888956122,-0.38487622868200266,-0.9731318412951087,0.706354596656578,-0.9102294441987615,0.19716606856385482,-1.3935675409515917,0.7930671786964866,-1.4517183740658521,0.5323499358345247,-1.1056571729702842,0.0,0.0,0.0,0.0,0.0,0.0,0.0,1.0,0.0,0.0,0.0,0.0,0.0,0.0,0.005579171094580234
-0.2934454031918901,-0.0018950375586772059,-0.011901610926473384,-1.312915534530303,1.0504109390898073,1.098624095686401,1.639670265083767,0.019883434171476283,0.15924976928693121,1.2287264842017966,1.279194871457263,0.08710746941832495,0.0,0.0,0.0,0.0,0.0,0.0,0.0,0.0,0.0,0.0,0.0,0.0,1.0,0.0,0.005741754573374282
-0.2824957210455394,1.3209840076082326,-0.27339092977785323,0.2727417005672701,0.6201483478470738,-0.9102294441987615,0.19716606856385466,1.4333344092945444,0.15924976928693121,1.2287264842017966,1.0790783740858765,0.7757504567812562,0.0,1.0,0.0,0.0,0.0,0.0,0.0,0.0,0.0,0.0,0.0,0.0,0.0,0.0,0.005838717396506341
-0.29324342840781775,1.608566408731474,-0.3556738583784591,0.2727417005672701,-0.4718601665095572,-0.9102294441987615,0.19716606856385466,1.4333344092945444,-0.9828497383382108,0.6978315065230265,-1.5080683736623028,-0.6015355179446069,0.0,0.0,0.0,0.0,0.0,0.0,0.0,0.0,0.0,0.0,0.0,0.0,1.0,0.0,0.005579171094580234
1.6984895164466398,-0.6920928002544562,0.47820821686077797,1.1788315491944545,-0.9773090364947512,-0.9102294441987615,-1.052079210688049,-0.6868420533900584,1.583424560711245,-0.49507868003720934,1.0790783740858765,0.7757504567812562,0.0,0.0,0.0,0.0,0.0,0.0,0.0,0.0,0.0,0.0,0.0,0.0,1.0,0.0,0.005917159763313609
-0.29189913722202443,1.148434566934288,-0.6074252374694092,0.4992641627240662,0.4611675385713604,1.098624095686401,-1.1961859893850901,0.38571146585205485,1.583424560711245,-0.49507868003720934,-0.9613399354109522,1.2798721118069336,0.0,1.0,0.0,0.0,0.0,0.0,0.0,0.0,0.0,0.0,0.0,0.0,0.0,0.0,0.005139364755995925
-0.2488155980359597,-0.5770598398051597,0.57169966048629,0.3860029316456681,-1.4528229797233523,1.098624095686401,0.19716606856385466,1.4333344092945444,-0.4745676401226237,-1.4517183740658524,-0.2144949997882133,-1.2901785053075374,0.0,0.0,0.0,0.0,0.0,0.0,0.0,0.0,1.0,0.0,0.0,0.0,0.0,0.0,0.00507306531736306
-0.2898727672572326,2.298764171427253,0.31207998823042454,-0.29356445482472027,-0.9885743562718113,1.098624095686401,1.2171705678131368,-0.9795773352127832,1.583424560711245,-0.49507868003720934,-0.9613399354109522,1.2798721118069336,0.0,0.0,0.0,0.0,0.0,0.0,0.0,0.0,0.0,0.0,0.0,0.0,1.0,0.0,0.0070486706689536875
-0.2931970735393421,0.8608521658110466,0.628197606105202,0.04621923841047393,-0.08315182535908297,1.098624095686401,-0.1761814901358091,1.3851722352363147,0.15924976928693121,1.2287264842017966,1.279194871457263,0.08710746941832495,0.0,0.0,0.0,0.0,0.0,1.0,0.0,0.0,0.0,0.0,0.0,0.0,0.0,0.0,0.005741754573374282
-0.2922335544874558,0.9758851262603431,0.2790112543888879,1.1788315491944545,-1.1828205269954593,-0.9102294441987615,0.19716606856385466,1.4333344092945444,-1.2649250221373824,-0.4950786800372096,-1.5080683736623033,0.7757504567812562,0.0,0.0,0.0,0.0,0.0,0.0,0.0,0.0,0.0,0.0,0.0,1.0,0.0,0.0,0.005579171094580234
4.0533135239466445,-1.4398070431748835,-0.07109534590875516,-1.199654303451905,1.227293212931682,-0.9102294441987615,-1.1961859893850901,0.38571146585205485,-0.9828497383382108,0.6978315065230265,0.5323499358345247,1.279872111806934,0.0,0.0,0.0,0.0,0.0,0.0,0.0,0.0,0.0,0.0,0.0,0.0,1.0,0.0,0.003471017007983339
-0.29330633858646327,1.608566408731474,0.005326336429509509,-1.0863930723735067,-1.369034687235448,-0.9102294441987615,1.2171705678131368,-0.9795773352127832,1.583424560711245,-0.49507868003720934,1.0790783740858765,0.7757504567812562,0.0,0.0,0.0,0.0,0.0,0.0,0.0,0.0,0.0,0.0,0.0,0.0,1.0,0.0,0.0066519843588475885
-0.2803633970956604,-0.11692799800797371,1.0707575810074945,-0.8598706102167106,0.6050261180160241,-0.9102294441987615,-0.176181490135808,-1.3454053668933625,0.15924976928693121,1.2287264842017966,1.0790783740858765,-0.6015355179446059,0.0,0.0,0.0,0.0,0.0,1.0,0.0,0.0,0.0,0.0,0.0,0.0,0.0,0.0,0.005019475565192949
-0.2724334035242935,-0.3469939189065667,-0.002788363791752235,1.2920927802728528,0.3785095762935374,-0.9102294441987615,-1.1961859893850901,-0.3459445975091029,0.7930671786964866,-1.4517183740658521,-0.2144949997882133,-1.2901785053075374,0.0,0.0,0.0,0.0,0.0,1.0,0.0,0.0,0.0,0.0,0.0,0.0,0.0,0.0,0.005370802365323062
-0.2920646903237231,-0.5770598398051597,-0.664653554358332,-0.9731318412951087,0.23947467374198356,-0.9102294441987615,-0.1761814901358091,1.3851722352363147,-0.9828497383382108,0.6978315065230265,1.0790783740858765,-0.6015355179446059,0.0,0.0,0.0,0.0,0.0,0.0,1.0,0.0,0.0,0.0,0.0,0.0,0.0,0.0,0.005578996718237224
-0.29146207703353993,-0.9796752013776975,-1.4480312995140425,-0.6333481480599145,-1.224528270506852,-0.9102294441987615,-0.176181490135808,-1.3454053668933625,1.3013492769120731,0.6978315065230267,-0.21449499978821382,1.4643934441441873,0.0,0.0,0.0,0.0,0.0,0.0,0.0,1.0,0.0,0.0,0.0,0.0,0.0,0.0,0.0066519843588475885
-0.2931341633606966,-0.9796752013776975,-1.7508626309880861,0.159480469488872,0.5012549929795936,-0.9102294441987615,0.5705136272635176,-1.3454053668933625,-0.9828497383382108,0.6978315065230265,1.0790783740858765,0.7757504567812562,0.0,0.0,1.0,0.0,0.0,0.0,0.0,0.0,0.0,0.0,0.0,0.0,0.0,0.0,0.006548038524782711
-0.2701620149689876,-0.17444447823262196,1.1848201459138301,-0.29356445482472027,1.347271194108113,-0.9102294441987615,0.19716606856385482,-1.3935675409515917,0.15924976928693121,1.2287264842017966,0.5323499358345247,1.279872111806934,0.0,0.0,0.0,0.0,0.0,0.0,0.0,0.0,0.0,0.0,0.0,0.0,1.0,0.0,0.005019475565192949
-0.2911673925125163,0.05562144266597105,0.68628981482456,-0.5200869169815164,-1.1492005895584445,-0.9102294441987615,0.19716606856385482,-1.3935675409515917,-0.4745676401226237,-1.4517183740658524,-1.5080683736623033,0.7757504567812562,0.0,0.0,0.0,0.0,0.0,0.0,0.0,1.0,0.0,0.0,0.0,0.0,0.0,0.0,0.00609632188579557
-0.2919786027108398,-0.11692799800797371,0.3989893642073271,-1.0863930723735067,0.8714348787275621,1.098624095686401,1.5905181265127992,-0.3459445975091029,-1.2649250221373824,-0.4950786800372096,-0.9613399354109513,-1.1056571729702844,0.0,0.0,0.0,0.0,0.0,0.0,0.0,0.0,0.0,0.0,0.0,1.0,0.0,0.0,0.007369614512471655
-0.29278981290916334,-0.3469939189065667,1.4927011838878632,-0.40682568590311835,0.02542378771625159,-0.9102294441987615,0.5705136272635176,-1.3454053668933625,0.15924976928693121,1.2287264842017966,-1.5080683736623028,-0.6015355179446069,0.0,0.0,0.0,1.0,0.0,0.0,0.0,0.0,0.0,0.0,0.0,0.0,0.0,0.0,0.0070486706689536875
-0.2891310893616225,0.9758851262603431,-1.854439626969887,-1.0863930723735067,0.33384531396310246,1.098624095686401,-0.524086029696101,-1.2042010172889877,0.15924976928693121,1.2287264842017966,0.5323499358345247,1.279872111806934,0.0,0.0,0.0,0.0,0.0,0.0,0.0,0.0,0.0,0.0,1.0,0.0,0.0,0.0,0.005139364755995925
-0.2095563354991345,0.28568736356456403,1.3754148162901765,-1.312915534530303,-0.5831495203404988,1.098624095686401,0.9184181668238106,1.2439678856319398,0.7930671786964866,-1.4517183740658521,-0.2144949997882133,-1.2901785053075374,0.0,0.0,0.0,0.0,0.0,0.0,0.0,0.0,1.0,0.0,0.0,0.0,0.0,0.0,0.00788296285775158
-0.29340235938544845,-1.55484000362418,-1.073660710574827,-0.6333481480599145,0.05637788380729555,-0.9102294441987615,-1.1961859893850901,0.38571146585205485,0.7930671786964866,-1.4517183740658521,-1.5080683736623033,0.7757504567812562,0.0,0.0,0.0,0.0,0.0,1.0,0.0,0.0,0.0,0.0,0.0,0.0,0.0,0.0,0.006568794270111986
-0.2935513571769773,0.6307862449124536,-1.4952191271662898,0.3860029316456681,1.123335699612726,-0.9102294441987615,-1.0520792106880494,0.7266089217330104,-0.9828497383382108,0.6978315065230265,0.5323499358345247,-1.1056571729702842,0.0,0.0,0.0,0.0,0.0,0.0,1.0,0.0,0.0,0.0,0.0,0.0,0.0,0.0,0.0058619693907017035
-0.2874854915307376,0.7458192053617501,-0.6309798855577695,0.3860029316456681,-0.006131539259095925,-0.9102294441987615,-0.524086029696101,-1.2042010172889877,0.7930671786964866,-1.4517183740658521,-0.21449499978821382,1.4643934441441873,0.0,0.0,0.0,0.0,0.0,0.0,0.0,1.0,0.0,0.0,0.0,0.0,0.0,0.0,0.005522265303724592
2.7197038242749536,-0.7496092804791045,0.2891598000952339,1.0655703181160565,-1.6928691622716898,1.098624095686401,-0.1761814901358091,1.3851722352363147,0.15924976928693121,1.2287264842017966,0.5323499358345247,-1.1056571729702842,0.0,0.0,0.0,0.0,0.0,0.0,0.0,0.0,0.0,0.0,0.0,1.0,0.0,0.0,0.004870499339979062
-0.2804229962122719,-0.9796752013776975,0.17779643013955296,-1.652699227765497,1.550988590372179,-0.9102294441987615,-0.822838430685427,-0.9795773352127839,-0.9828497383382108,0.6978315065230265,-0.21449499978821382,1.4643934441441873,0.0,0.0,0.0,0.0,0.0,0.0,0.0,0.0,0.0,0.0,1.0,0.0,0.0,0.0,0.0066519843588475885
-0.28785964154057664,-0.0018950375586772059,-0.02753115358801657,-0.6333481480599145,-0.07387409662892194,-0.9102294441987615,-0.8228384306854276,1.0193442035557354,-0.4745676401226237,-1.4517183740658524,1.0790783740858765,-0.6015355179446059,0.0,0.0,0.0,0.0,0.0,0.0,0.0,1.0,0.0,0.0,0.0,0.0,0.0,0.0,0.0058619693907017035
-0.27884361962206644,0.2281708833399158,-0.6591207076167807,0.3860029316456681,0.5199103233181157,1.098624095686401,-0.524086029696101,-1.2042010172889877,0.7930671786964866,-1.4517183740658521,-0.21449499978821382,1.4643934441441873,0.0,0.0,0.0,0.0,0.0,0.0,0.0,0.0,0.0,0.0,1.0,0.0,0.0,0.0,0.005579171094580234
-0.27422799914670726,-0.0018950375586772059,0.41316539964488247,0.04621923841047393,-0.9853389643055311,1.098624095686401,0.19716606856385482,-1.3935675409515917,-0.4745676401226237,-1.4517183740658524,-1.5080683736623028,-0.6015355179446069,0.0,0.0,0.0,0.0,0.0,0.0,0.0,0.0,0.0,0.0,0.0,0.0,0.0,1.0,0.006034114125528579
-0.29079986462674523,0.05562144266597105,0.650247267923996,-0.8598706102167106,0.35348761894803316,-0.9102294441987615,-0.176181490135808,-1.3454053668933625,-1.2649250221373824,-0.4950786800372096,-0.2144949997882133,-1.2901785053075374,1.0,0.0,0.0,0.0,0.0,0.0,0.0,0.0,0.0,0.0,0.0,0.0,0.0,0.0,0.005579171094580234
-0.25301071363300426,-0.8071257607037527,-0.8082768613670089,-1.652699227765497,-1.445484380999693,-0.9102294441987615,-1.1961859893850901,0.38571146585205485,-1.2649250221373824,-0.4950786800372096,-0.2144949997882133,-1.2901785053075374,0.0,0.0,0.0,0.0,0.0,0.0,0.0,0.0,0.0,0.0,0.0,1.0,0.0,0.0,0.005016791740951118
-0.012872628557033522,2.3562806516519013,-0.482955247301205,-1.312915534530303,-1.369034687235448,1.098624095686401,1.4464113478157588,-0.6868420533900575,0.15924976928693121,1.2287264842017966,1.279194871457263,0.08710746941832495,1.0,0.0,0.0,0.0,0.0,0.0,0.0,0.0,0.0,0.0,0.0,0.0,0.0,0.0,0.007382066978754051
-0.29010785266164474,0.8608521658110466,1.5363457846464346,-1.199654303451905,0.4818964528159001,-0.9102294441987615,1.639670265083767,0.019883434171476283,-0.4745676401226237,-1.4517183740658524,-0.2144949997882133,-1.2901785053075374,0.0,0.0,1.0,0.0,0.0,0.0,0.0,0.0,0.0,0.0,0.0,0.0,0.0,0.0,0.007418060706986602
2.930621786901107,-1.324774082725587,-0.07723389565169374,-1.652699227765497,-1.7912970765230956,-0.9102294441987615,-1.052079210688049,-0.6868420533900584,-0.9828497383382108,0.6978315065230265,1.279194871457263,0.08710746941832495,0.0,0.0,0.0,0.0,0.0,0.0,0.0,0.0,0.0,0.0,0.0,0.0,0.0,1.0,0.005741754573374282
-0.21225153999478902,0.40072032401386054,0.2690838441668741,1.4053540113512508,-0.33307769143853305,-0.9102294441987615,-0.822838430685427,-0.9795773352127839,0.15924976928693121,1.2287264842017966,-1.5080683736623033,0.7757504567812562,0.0,0.0,0.0,0.0,0.0,0.0,0.0,0.0,0.0,0.0,1.0,0.0,0.0,0.0,0.005522265303724592
-0.2607652209165705,0.6307862449124536,-1.107494430747039,-0.8598706102167106,1.5322935092410903,-0.9102294441987615,0.9184181668238106,1.2439678856319398,0.15924976928693121,1.2287264842017966,-0.9613399354109513,-1.1056571729702844,0.0,0.0,0.0,0.0,0.0,0.0,0.0,0.0,0.0,0.0,0.0,1.0,0.0,0.0,0.0066519843588475885
-0.29079986462674523,0.05562144266597105,-0.026130135769988676,0.8390478559592605,0.4576582168994702,-0.9102294441987615,-1.1961859893850901,-0.3459445975091029,-1.2649250221373824,-0.4950786800372096,1.0790783740858765,0.7757504567812562,0.0,0.0,0.0,0.0,0.0,0.0,1.0,0.0,0.0,0.0,0.0,0.0,0.0,0.0,0.005579171094580234
-0.2896343707907865,1.4360169680575292,-0.6751535535252219,0.3860029316456681,-1.0132797597792764,-0.9102294441987615,1.4464113478157588,0.7266089217330104,-0.9828497383382108,0.6978315065230265,0.5323499358345247,1.279872111806934,0.0,0.0,0.0,0.0,0.0,0.0,0.0,0.0,0.0,1.0,0.0,0.0,0.0,0.0,0.005579171094580234
0.5301316118285382,0.1131379228906193,0.16407067459206337,0.7257866248808623,-0.3233901637465725,1.098624095686401,-0.524086029696101,-1.2042010172889877,-0.9828497383382108,0.6978315065230265,-1.7081848710336898,0.08710746941832462,0.0,0.0,0.0,0.0,0.0,0.0,0.0,0.0,0.0,0.0,1.0,0.0,0.0,0.0,0.00507306531736306
-0.2904786916094498,-0.3469939189065667,-1.4569620800393892,0.3860029316456681,-1.2049995274741638,-0.9102294441987615,0.19716606856385482,-1.3935675409515917,1.583424560711245,-0.49507868003720934,-0.2144949997882133,-1.2901785053075374,0.0,1.0,0.0,0.0,0.0,0.0,0.0,0.0,0.0,0.0,0.0,0.0,0.0,0.0,0.004802544050361813
-0.2923626859067808,1.5510499285068255,0.1964850142569292,-1.426176765608701,0.9578775786406654,1.098624095686401,0.19716606856385466,1.4333344092945444,1.583424560711245,-0.49507868003720934,-0.9613399354109513,-1.1056571729702844,1.0,0.0,0.0,0.0,0.0,0.0,0.0,0.0,0.0,0.0,0.0,0.0,0.0,0.0,0.0091273374888691
-0.2688044795350584,1.205951047158936,0.3775187082814619,-1.0863930723735067,-0.054671795914815746,-0.9102294441987615,1.4464113478157588,0.7266089217330104,-1.2649250221373824,-0.4950786800372096,1.0790783740858765,-0.6015355179446059,0.0,1.0,0.0,0.0,0.0,0.0,0.0,0.0,0.0,0.0,0.0,0.0,0.0,0.0,0.005579171094580234
4.0533135239466445,-1.4398070431748835,-0.7192748003021567,0.159480469488872,-0.9781082989037907,-0.9102294441987615,-1.1961859893850901,0.38571146585205485,-0.9828497383382108,0.6978315065230265,0.5323499358345247,-1.1056571729702842,0.0,0.0,0.0,0.0,0.0,0.0,0.0,0.0,0.0,0.0,0.0,0.0,1.0,0.0,0.003471017007983339
4.989930196806932,-0.11692799800797371,1.0565625958508527,0.159480469488872,0.11578651262249491,1.098624095686401,-0.176181490135808,-1.3454053668933625,0.7930671786964866,-1.4517183740658521,0.5323499358345247,1.279872111806934,0.0,0.0,0.0,0.0,0.0,0.0,0.0,0.0,0.0,0.0,1.0,0.0,0.0,0.0,0.00507306531736306
-0.29196204740066994,0.3432038437892123,-0.6523583466637464,-0.40682568590311835,-1.0116080261594862,1.098624095686401,-0.5240860296961021,1.2439678856319394,1.3013492769120731,0.6978315065230267,1.0790783740858765,0.7757504567812562,0.0,0.0,0.0,0.0,0.0,0.0,0.0,0.0,0.0,0.0,0.0,0.0,0.0,1.0,0.005727713320605081
0.09023384318090501,-1.094708161826994,-0.2286185491684343,-1.199654303451905,0.7508180707922736,1.098624095686401,1.639670265083767,0.019883434171476283,-0.9828497383382108,0.6978315065230265,0.5323499358345247,1.279872111806934,0.0,0.0,1.0,0.0,0.0,0.0,0.0,0.0,0.0,0.0,0.0,0.0,0.0,0.0,0.005578996718237224
-0.2775854160491565,0.40072032401386054,0.09954873468591015,0.2727417005672701,0.07901355953705609,-0.9102294441987615,-0.176181490135808,-1.3454053668933625,0.15924976928693121,1.2287264842017966,1.0790783740858765,0.7757504567812562,0.0,0.0,0.0,0.0,0.0,0.0,0.0,1.0,0.0,0.0,0.0,0.0,0.0,0.0,0.006808838643371017
-0.26853628351030656,-0.8071257607037527,-1.8110222481960432,1.0655703181160565,1.5105872805046594,-0.9102294441987615,0.9184181668238106,-1.2042010172889874,0.15924976928693121,1.2287264842017966,0.5323499358345247,-1.1056571729702842,0.0,0.0,0.0,0.0,1.0,0.0,0.0,0.0,0.0,0.0,0.0,0.0,0.0,0.0,0.0070486706689536875
0.5480908123008111,1.205951047158936,-0.5972545242743127,-1.539437996687099,1.1365883589690513,1.098624095686401,1.5905181265127992,0.3857114658520555,-0.9828497383382108,0.6978315065230265,-0.2144949997882133,-1.2901785053075374,0.0,1.0,0.0,0.0,0.0,0.0,0.0,0.0,0.0,0.0,0.0,0.0,0.0,0.0,0.00507306531736306
-0.2750921863375744,-1.7273894442981248,0.8560692093731807,-0.40682568590311835,-0.8955026788364912,1.098624095686401,-0.1761814901358091,1.3851722352363147,1.583424560711245,-0.49507868003720934,-0.2144949997882133,-1.2901785053075374,0.0,0.0,0.0,0.0,0.0,0.0,0.0,0.0,0.0,0.0,0.0,1.0,0.0,0.0,0.005838717396506341
-0.27472134738976933,1.205951047158936,-0.2858955887639417,-0.8598706102167106,-0.03878692477373472,-0.9102294441987615,-0.1761814901358091,1.3851722352363147,1.3013492769120731,0.6978315065230267,0.5323499358345247,1.279872111806934,0.0,0.0,0.0,0.0,0.0,1.0,0.0,0.0,0.0,0.0,0.0,0.0,0.0,0.0,0.005263157894736842
-0.28800532827007147,-0.11692799800797371,-1.7004599714638664,-0.1803032237463222,-1.2300413292460863,-0.9102294441987615,-0.1761814901358091,1.3851722352363147,-0.9828497383382108,0.6978315065230265,-0.2144949997882133,-1.2901785053075374,0.0,0.0,0.0,0.0,0.0,0.0,0.0,0.0,0.0,0.0,0.0,0.0,1.0,0.0,0.00507306531736306
-0.2908362863091189,0.17065440311526756,-0.22753997124407285,-0.06704199266792414,-0.12353689445141681,1.098624095686401,-1.1961859893850901,0.38571146585205485,-0.9828497383382108,0.6978315065230265,-1.7081848710336898,0.08710746941832462,0.0,0.0,0.0,0.0,0.0,0.0,0.0,0.0,0.0,0.0,1.0,0.0,0.0,0.0,0.00507306531736306
-0.277645015165768,0.8608521658110466,-0.5710255324990019,-0.40682568590311835,-1.0651843423141174,-0.9102294441987615,-0.5240860296961021,1.2439678856319394,-1.2649250221373824,-0.4950786800372096,0.5323499358345247,1.279872111806934,0.0,0.0,0.0,0.0,0.0,0.0,0.0,0.0,0.0,0.0,1.0,0.0,0.0,0.0,0.0066519843588475885
-0.2329026339006825,0.05562144266597105,1.3834652405929182,-0.9731318412951087,0.4481792708448842,1.098624095686401,0.9184181668238106,1.2439678856319398,-0.4745676401226237,-1.4517183740658524,-0.2144949997882133,-1.2901785053075374,0.0,0.0,1.0,0.0,0.0,0.0,0.0,0.0,0.0,0.0,0.0,0.0,0.0,0.0,0.004804026231508312
-0.29099521728674965,0.05562144266597105,-0.24901393075123748,-0.7466093791383126,0.5934086931401261,-0.9102294441987615,1.5905181265127992,-0.3459445975091029,0.15924976928693121,1.2287264842017966,-0.21449499978821382,1.4643934441441873,0.0,0.0,0.0,0.0,1.0,0.0,0.0,0.0,0.0,0.0,0.0,0.0,0.0,0.0,0.0068654795108345846
-0.29220375492915,-0.9796752013776975,0.4888367891856933,-1.0863930723735067,1.8812950715167767,-0.9102294441987615,-0.1761814901358091,1.3851722352363147,-0.4745676401226237,-1.4517183740658524,-0.21449499978821382,1.4643934441441873,0.0,0.0,0.0,0.0,0.0,0.0,0.0,0.0,0.0,1.0,0.0,0.0,0.0,0.0,0.00507306531736306
-0.289571460612141,0.5732697646878053,-2.4180290042373858,0.159480469488872,-0.7344401251803319,-0.9102294441987615,-1.2453381279560574,0.019883434171475936,-1.2649250221373824,-0.4950786800372096,-1.5080683736623028,-0.6015355179446069,0.0,0.0,0.0,0.0,0.0,0.0,0.0,0.0,0.0,0.0,1.0,0.0,0.0,0.0,0.005838717396506341
-0.1520829207134204,-0.5195433595805115,-1.8957566925750033,-1.0863930723735067,1.327592672605278,-0.9102294441987615,-1.1961859893850901,-0.3459445975091029,-1.2649250221373824,-0.4950786800372096,-0.9613399354109513,-1.1056571729702844,0.0,0.0,0.0,0.0,0.0,1.0,0.0,0.0,0.0,0.0,0.0,0.0,0.0,0.0,0.007754028723619446
-0.25301071363300426,-0.7496092804791045,0.08420154281433513,-0.7466093791383126,-0.8021458956665082,-0.9102294441987615,-0.822838430685427,-0.9795773352127839,0.15924976928693121,1.2287264842017966,1.279194871457263,0.08710746941832495,0.0,0.0,0.0,0.0,0.0,0.0,0.0,0.0,0.0,0.0,0.0,0.0,1.0,0.0,0.005016791740951118
-0.2761682814986158,-1.2097411222762906,-0.5641586212728816,-0.40682568590311835,-1.8579612527784173,1.098624095686401,1.5905181265127992,-0.3459445975091029,0.7930671786964866,-1.4517183740658521,-0.21449499978821382,1.4643934441441873,0.0,0.0,0.0,0.0,0.0,0.0,0.0,0.0,1.0,0.0,0.0,0.0,0.0,0.0,0.004870499339979062
-0.2927798797230614,-0.17444447823262196,0.5045281961779073,0.6125253938024643,0.22485929460840567,-0.9102294441987615,-0.1761814901358091,1.3851722352363147,-1.2649250221373824,-0.4950786800372096,-1.7081848710336898,0.08710746941832462,0.0,0.0,0.0,0.0,0.0,1.0,0.0,0.0,0.0,0.0,0.0,0.0,0.0,0.0,0.0058619693907017035
-0.29094555135624006,-0.0018950375586772059,-1.7768284247344706,1.0655703181160565,-0.9277969362799666,-0.9102294441987615,0.19716606856385482,-1.3935675409515917,-1.2649250221373824,-0.4950786800372096,1.0790783740858765,-0.6015355179446059,0.0,0.0,0.0,0.0,0.0,0.0,0.0,0.0,0.0,0.0,1.0,0.0,0.0,0.0,0.005701642413411624
0.23161619203157857,-0.28947743868191844,0.6153058505112103,-0.7466093791383126,-1.5670067932827692,1.098624095686401,-1.1961859893850901,-0.3459445975091029,-0.4745676401226237,-1.4517183740658524,-1.5080683736623028,-0.6015355179446069,0.0,0.0,0.0,0.0,0.0,1.0,0.0,0.0,0.0,0.0,0.0,0.0,0.0,0.0,0.00788296285775158
-0.2931705850430703,0.3432038437892123,0.11545200456830945,0.3860029316456681,0.16219180534291858,1.098624095686401,1.639670265083767,0.019883434171476283,1.3013492769120731,0.6978315065230267,1.0790783740858765,0.7757504567812562,0.0,0.0,1.0,0.0,0.0,0.0,0.0,0.0,0.0,0.0,0.0,0.0,0.0,0.0,0.007369614512471655
-0.28059186037600453,1.666082888956122,-0.24924339358428907,1.6318764735080469,0.30563551064919187,1.098624095686401,-1.2453381279560574,0.019883434171475936,0.7930671786964866,-1.4517183740658521,0.5323499358345247,1.279872111806934,0.0,0.0,0.0,0.0,0.0,0.0,0.0,1.0,0.0,0.0,0.0,0.0,0.0,0.0,0.007369614512471655
-0.2933924261993466,1.0909180867096395,0.8547607978604412,-0.40682568590311835,-0.8819626034043458,-0.9102294441987615,0.5705136272635176,-1.3454053668933625,-0.4745676401226237,-1.4517183740658524,-0.9613399354109513,-1.1056571729702844,0.0,0.0,0.0,0.0,0.0,0.0,0.0,0.0,1.0,0.0,0.0,0.0,0.0,0.0,0.005579171094580234
-0.25301071363300426,-0.8071257607037527,0.20963186029480008,1.6318764735080469,0.5437688705417909,-0.9102294441987615,1.2171705678131368,-0.9795773352127832,1.3013492769120731,0.6978315065230267,1.0790783740858765,-0.6015355179446059,0.0,0.0,1.0,0.0,0.0,0.0,0.0,0.0,0.0,0.0,0.0,0.0,0.0,0.0,0.005016791740951118
-0.2879920840219356,-1.1522246420516422,-1.3315375899562443,1.745137704586445,0.3524812637525901,1.098624095686401,-1.1961859893850901,-0.3459445975091029,-0.9828497383382108,0.6978315065230265,0.5323499358345247,-1.1056571729702842,0.0,0.0,0.0,0.0,0.0,0.0,0.0,1.0,0.0,0.0,0.0,0.0,0.0,0.0,0.005579171094580234
-0.2730459500005787,2.126214730753308,0.11996861062662041,-0.9731318412951087,-2.12544853480461,1.098624095686401,-1.2453381279560574,0.019883434171475936,-1.2649250221373824,-0.4950786800372096,-0.21449499978821382,1.4643934441441873,0.0,0.0,0.0,0.0,0.0,1.0,0.0,0.0,0.0,0.0,0.0,0.0,0.0,0.0,0.0070486706689536875
-0.1374082937788493,-0.3469939189065667,-1.328051865520337,-0.5200869169815164,-0.05832781571998867,1.098624095686401,-0.8228384306854276,1.0193442035557354,-1.2649250221373824,-0.4950786800372096,1.0790783740858765,-0.6015355179446059,0.0,0.0,0.0,0.0,0.0,0.0,0.0,0.0,0.0,1.0,0.0,0.0,0.0,0.0,0.005070993914807302
-0.2824957210455394,1.3209840076082326,-1.8614538651775794,-0.40682568590311835,0.44461055689617024,-0.9102294441987615,1.5905181265127992,0.3857114658520555,1.3013492769120731,0.6978315065230267,1.279194871457263,0.08710746941832495,0.0,0.0,0.0,0.0,1.0,0.0,0.0,0.0,0.0,0.0,0.0,0.0,0.0,0.0,0.005838717396506341
-0.2919819137728738,-0.28947743868191844,1.1068569971458788,-0.7466093791383126,0.5944624687394198,1.098624095686401,-1.2453381279560574,0.019883434171475936,-1.2649250221373824,-0.4950786800372096,1.279194871457263,0.08710746941832495,0.0,0.0,0.0,0.0,0.0,0.0,1.0,0.0,0.0,0.0,0.0,0.0,0.0,0.0,0.007382066978754051
-0.29359771204545293,-0.9221587211530492,0.10570456437725,1.745137704586445,0.8447491337494293,-0.9102294441987615,1.5905181265127992,0.3857114658520555,1.583424560711245,-0.49507868003720934,-0.9613399354109513,-1.1056571729702844,0.0,0.0,0.0,0.0,1.0,0.0,0.0,0.0,0.0,0.0,0.0,0.0,0.0,0.0,0.0041211101766190075
-0.27840987049561594,0.4582368042385088,0.8213587543510856,-0.8598706102167106,-0.19882392559462173,1.098624095686401,-0.5240860296961021,1.2439678856319394,-1.2649250221373824,-0.4950786800372096,-0.2144949997882133,-1.2901785053075374,0.0,0.0,0.0,0.0,0.0,0.0,0.0,1.0,0.0,0.0,0.0,0.0,0.0,0.0,0.004595959595959596
-0.2744001743724739,-1.094708161826994,0.2164439774621973,-0.5200869169815164,0.8297331886508977,-0.9102294441987615,-1.052079210688049,-0.6868420533900584,-1.2649250221373824,-0.4950786800372096,0.5323499358345247,-1.1056571729702842,0.0,0.0,0.0,0.0,0.0,0.0,0.0,1.0,0.0,0.0,0.0,0.0,0.0,0.0,0.00507306531736306
0.338878046622154,0.515753284463157,0.9467048207264946,0.7257866248808623,0.7267768015234243,-0.9102294441987615,1.2171705678131368,1.0193442035557359,-0.9828497383382108,0.6978315065230265,-1.7081848710336898,0.08710746941832462,0.0,0.0,0.0,0.0,1.0,0.0,0.0,0.0,0.0,0.0,0.0,0.0,0.0,0.0,0.007754028723619446
-0.11410503918374298,0.05562144266597105,-1.2925968867235544,0.9523090870376585,0.17802449967141812,-0.9102294441987615,-0.1761814901358091,1.3851722352363147,-0.9828497383382108,0.6978315065230265,1.0790783740858765,0.7757504567812562,0.0,0.0,0.0,0.0,0.0,0.0,1.0,0.0,0.0,0.0,0.0,0.0,0.0,0.0,0.005741754573374282
-0.2662615838929667,-1.2097411222762906,1.1548029827786181,-0.5200869169815164,-1.8004768771442237,-0.9102294441987615,-0.176181490135808,-1.3454053668933625,0.7930671786964866,-1.4517183740658521,-0.9613399354109513,-1.1056571729702844,0.0,0.0,0.0,0.0,0.0,0.0,0.0,0.0,0.0,0.0,1.0,0.0,0.0,0.0,0.006808838643371017
-0.2783668266891743,1.0909180867096395,-0.043727248233632936,-1.312915534530303,0.7768050085710154,1.098624095686401,0.19716606856385482,-1.3935675409515917,1.583424560711245,-0.49507868003720934,1.279194871457263,0.08710746941832495,0.0,0.0,0.0,0.0,0.0,0.0,0.0,1.0,0.0,0.0,0.0,0.0,0.0,0.0,0.005741754573374282
-0.29111110445793875,-0.9796752013776975,0.41697202622645274,0.04621923841047393,0.5782884968782028,1.098624095686401,-1.1961859893850901,-0.3459445975091029,0.15924976928693121,1.2287264842017966,1.279194871457263,0.08710746941832495,1.0,0.0,0.0,0.0,0.0,0.0,0.0,0.0,0.0,0.0,0.0,0.0,0.0,0.0,0.005701642413411624
-0.2743339531317944,-0.11692799800797371,0.7828394905455361,1.1788315491944545,1.4024751054537954,-0.9102294441987615,1.4464113478157588,-0.6868420533900575,-0.4745676401226237,-1.4517183740658524,1.0790783740858765,-0.6015355179446059,0.0,0.0,0.0,0.0,1.0,0.0,0.0,0.0,0.0,0.0,0.0,0.0,0.0,0.0,0.006061250531688643
-0.04277482978584928,-0.05941151778332546,0.16717202904063472,-0.9731318412951087,0.4982805123834918,1.098624095686401,0.9184181668238106,1.2439678856319398,0.7930671786964866,-1.4517183740658521,1.0790783740858765,0.7757504567812562,0.0,0.0,0.0,0.0,1.0,0.0,0.0,0.0,0.0,0.0,0.0,0.0,0.0,0.0,0.005370802365323062
-0.2889191813914482,-1.0371916816023456,0.3703082607730851,-1.539437996687099,0.4094619717566945,-0.9102294441987615,-0.524086029696101,-1.2042010172889877,1.583424560711245,-0.49507868003720934,0.5323499358345247,1.279872111806934,0.0,0.0,0.0,0.0,0.0,0.0,0.0,0.0,0.0,1.0,0.0,0.0,0.0,0.0,0.0029411764705882353
-0.03024908211132708,-0.23196095845727022,1.5134753740707099,-0.9731318412951087,-0.08821340351049767,-0.9102294441987615,-0.1761814901358091,1.3851722352363147,-1.2649250221373824,-0.4950786800372096,1.279194871457263,0.08710746941832495,0.0,0.0,0.0,0.0,0.0,1.0,0.0,0.0,0.0,0.0,0.0,0.0,0.0,0.0,0.006548038524782711
-0.26978786495914864,-0.8071257607037527,-1.3770383666455,-0.9731318412951087,0.5197943851818351,1.098624095686401,0.9184181668238106,1.2439678856319398,-1.2649250221373824,-0.4950786800372096,1.279194871457263,0.08710746941832495,0.0,0.0,1.0,0.0,0.0,0.0,0.0,0.0,0.0,0.0,0.0,0.0,0.0,0.0,0.004804026231508312
-0.28792255171922215,0.515753284463157,-1.9044039065456932,-0.06704199266792414,1.0872559348871518,-0.9102294441987615,-1.1961859893850901,-0.3459445975091029,-1.2649250221373824,-0.4950786800372096,1.0790783740858765,0.7757504567812562,0.0,0.0,0.0,0.0,0.0,0.0,0.0,1.0,0.0,0.0,0.0,0.0,0.0,0.0,0.00507306531736306
-0.28307515690148477,-0.28947743868191844,0.6025210954991195,0.2727417005672701,0.522918648476488,-0.9102294441987615,1.5905181265127992,-0.3459445975091029,-0.9828497383382108,0.6978315065230265,-1.5080683736623028,-0.6015355179446069,0.0,0.0,0.0,1.0,0.0,0.0,0.0,0.0,0.0,0.0,0.0,0.0,0.0,0.0,0.0066519843588475885
-0.2879291738432901,-0.5195433595805115,-0.2539909609037867,-1.539437996687099,2.5407008002607467,-0.9102294441987615,-0.1761814901358091,1.3851722352363147,-0.9828497383382108,0.6978315065230265,-0.2144949997882133,-1.2901785053075374,0.0,0.0,0.0,0.0,0.0,0.0,0.0,0.0,0.0,0.0,0.0,1.0,0.0,0.0,0.007369614512471655
-0.005379695174151221,-0.8071257607037527,0.9694783101378651,-1.539437996687099,0.058902488474748334,-0.9102294441987615,1.5905181265127992,0.3857114658520555,-0.9828497383382108,0.6978315065230265,-0.2144949997882133,-1.2901785053075374,0.0,0.0,0.0,0.0,0.0,0.0,0.0,0.0,0.0,1.0,0.0,0.0,0.0,0.0,0.00788296285775158
-0.2936771775342683,0.05562144266597105,-1.022413179893419,-0.7466093791383126,1.154646990714735,-0.9102294441987615,-1.052079210688049,-0.6868420533900584,0.15924976928693121,1.2287264842017966,-0.21449499978821382,1.4643934441441873,0.0,0.0,0.0,0.0,0.0,0.0,0.0,1.0,0.0,0.0,0.0,0.0,0.0,0.0,0.005139364755995925
-0.28455851269270493,2.4137971318765494,-0.18078209153278496,-0.1803032237463222,-0.8876349072871208,-0.9102294441987615,0.9184181668238106,1.2439678856319398,-1.2649250221373824,-0.4950786800372096,-1.7081848710336898,0.08710746941832462,0.0,0.0,0.0,0.0,0.0,0.0,0.0,0.0,0.0,0.0,0.0,0.0,1.0,0.0,0.00507306531736306
-0.29330633858646327,1.608566408731474,0.3150288698772237,1.5186152424296488,-2.071230202308624,-0.9102294441987615,-1.1961859893850901,-0.3459445975091029,-0.4745676401226237,-1.4517183740658524,-0.9613399354109522,1.2798721118069336,0.0,0.0,0.0,0.0,0.0,0.0,1.0,0.0,0.0,0.0,0.0,0.0,0.0,0.0,0.0066519843588475885
-0.24843482590205274,1.3785004878328808,-0.03459355298093177,1.1788315491944545,0.5418554066550162,-0.9102294441987615,1.5905181265127992,-0.3459445975091029,-1.2649250221373824,-0.4950786800372096,0.5323499358345247,1.279872111806934,1.0,0.0,0.0,0.0,0.0,0.0,0.0,0.0,0.0,0.0,0.0,0.0,0.0,0.0,0.006808838643371017
0.01743352223992702,-0.6920928002544562,0.6465229608601573,0.159480469488872,1.3893215682659146,-0.9102294441987615,1.2171705678131368,1.0193442035557359,-1.2649250221373824,-0.4950786800372096,-1.5080683736623028,-0.6015355179446069,0.0,0.0,0.0,0.0,1.0,0.0,0.0,0.0,0.0,0.0,0.0,0.0,0.0,0.0,0.005741754573374282
-0.2793932559197061,0.6307862449124536,0.04657099011011581,0.4992641627240662,-0.57075356718232,1.098624095686401,1.4464113478157588,0.7266089217330104,-0.9828497383382108,0.6978315065230265,0.5323499358345247,1.279872111806934,0.0,1.0,0.0,0.0,0.0,0.0,0.0,0.0,0.0,0.0,0.0,0.0,0.0,0.0,0.0068654795108345846
-0.28597564724324565,0.1131379228906193,0.15851332458325382,-1.426176765608701,-1.6218670659429746,-0.9102294441987615,0.19716606856385482,-1.3935675409515917,0.7930671786964866,-1.4517183740658521,0.5323499358345247,1.279872111806934,0.0,1.0,0.0,0.0,0.0,0.0,0.0,0.0,0.0,0.0,0.0,0.0,0.0,0.0,0.005579171094580234
-0.28833643447346885,0.28568736356456403,-0.5771634345414963,-1.199654303451905,-1.8383226316947854,1.098624095686401,0.9184181668238106,-1.2042010172889874,-1.2649250221373824,-0.4950786800372096,-1.5080683736623033,0.7757504567812562,0.0,0.0,0.0,0.0,0.0,0.0,0.0,0.0,0.0,0.0,0.0,0.0,1.0,0.0,0.0066519843588475885
-0.21225153999478902,0.40072032401386054,0.40870530838778846,1.745137704586445,-1.2513557547077463,-0.9102294441987615,0.5705136272635173,1.3851722352363152,-1.2649250221373824,-0.4950786800372096,-1.5080683736623028,-0.6015355179446069,1.0,0.0,0.0,0.0,0.0,0.0,0.0,0.0,0.0,0.0,0.0,0.0,0.0,0.0,0.005522265303724592
-0.07174000045905052,0.6307862449124536,-0.5356733537730052,1.2920927802728528,1.315217105390971,-0.9102294441987615,-0.524086029696101,-1.2042010172889877,-0.4745676401226237,-1.4517183740658524,1.279194871457263,0.08710746941832495,0.0,0.0,0.0,0.0,0.0,0.0,1.0,0.0,0.0,0.0,0.0,0.0,0.0,0.0,0.005263157894736842
0.06354668318707762,-0.9796752013776975,0.25937901236675415,0.9523090870376585,-0.2452823465276807,-0.9102294441987615,-1.1961859893850901,-0.3459445975091029,-0.4745676401226237,-1.4517183740658524,1.0790783740858765,-0.6015355179446059,0.0,0.0,0.0,0.0,0.0,0.0,0.0,1.0,0.0,0.0,0.0,0.0,0.0,0.0,0.005741754573374282
-0.2928659673359447,0.6307862449124536,-0.9219237874130685,0.3860029316456681,-1.605536271191255,1.098624095686401,0.5705136272635176,-1.3454053668933625,-0.9828497383382108,0.6978315065230265,1.0790783740858765,-0.6015355179446059,0.0,0.0,0.0,0.0,0.0,0.0,0.0,0.0,0.0,0.0,0.0,1.0,0.0,0.0,0.005838717396506341
-0.29165742969354436,0.28568736356456403,0.5399959405903005,-0.7466093791383126,-1.9227471427591631,1.098624095686401,1.2171705678131368,1.0193442035557359,0.15924976928693121,1.2287264842017966,1.279194871457263,0.08710746941832495,0.0,0.0,0.0,0.0,0.0,0.0,0.0,0.0,0.0,0.0,0.0,1.0,0.0,0.0,0.006034114125528579
1.075516505816537,0.3432038437892123,-1.2105029423344693,-1.539437996687099,-0.7876230992227192,-0.9102294441987615,-0.8228384306854276,1.0193442035557354,1.3013492769120731,0.6978315065230267,-0.2144949997882133,-1.2901785053075374,0.0,0.0,0.0,0.0,0.0,0.0,1.0,0.0,0.0,0.0,0.0,0.0,0.0,0.0,0.005578996718237224
-0.29281630140543513,-0.17444447823262196,0.7462365131497705,-0.9731318412951087,-1.405623951644903,-0.9102294441987615,-1.052079210688049,-0.6868420533900584,0.7930671786964866,-1.4517183740658521,1.279194871457263,0.08710746941832495,0.0,0.0,0.0,0.0,0.0,0.0,0.0,0.0,0.0,0.0,0.0,0.0,1.0,0.0,0.006034114125528579
-0.29316727398103637,0.6307862449124536,-0.7258080436592013,-0.06704199266792414,-1.561897988211602,-0.9102294441987615,-0.1761814901358091,1.3851722352363147,-1.2649250221373824,-0.4950786800372096,-0.2144949997882133,-1.2901785053075374,0.0,0.0,0.0,0.0,0.0,1.0,0.0,0.0,0.0,0.0,0.0,0.0,0.0,0.0,0.0066519843588475885
-0.27230427210496855,-0.40451039913121495,1.2051431210528813,1.4053540113512508,1.489120603493772,-0.9102294441987615,-0.8228384306854276,1.0193442035557354,-0.4745676401226237,-1.4517183740658524,1.0790783740858765,0.7757504567812562,0.0,0.0,0.0,0.0,0.0,0.0,1.0,0.0,0.0,0.0,0.0,0.0,0.0,0.0,0.005579171094580234
-0.29326660584205555,-0.05941151778332546,0.582846905816568,-0.6333481480599145,0.7301435681767318,1.098624095686401,1.4464113478157588,-0.6868420533900575,-0.4745676401226237,-1.4517183740658524,0.5323499358345247,-1.1056571729702842,0.0,0.0,0.0,0.0,0.0,0.0,0.0,0.0,0.0,0.0,0.0,1.0,0.0,0.0,0.0070486706689536875
0.6024915615189977,0.1131379228906193,0.6957089555854997,1.4053540113512508,-1.5585107160195653,-0.9102294441987615,-1.052079210688049,-0.6868420533900584,-0.4745676401226237,-1.4517183740658524,1.0790783740858765,0.7757504567812562,0.0,0.0,0.0,0.0,0.0,0.0,0.0,0.0,0.0,0.0,0.0,0.0,1.0,0.0,0.005263157894736842
-0.2895416610538352,-0.17444447823262196,-1.7576644540920305,0.04621923841047393,0.6551071002178285,1.098624095686401,-1.2453381279560574,0.019883434171475936,0.15924976928693121,1.2287264842017966,-0.21449499978821382,1.4643934441441873,0.0,0.0,0.0,0.0,0.0,0.0,0.0,0.0,0.0,0.0,1.0,0.0,0.0,0.0,0.007754028723619446
0.6229671691370906,-1.324774082725587,0.7866523930280577,-1.426176765608701,1.3754410970028208,1.098624095686401,-1.1961859893850901,0.38571146585205485,1.3013492769120731,0.6978315065230267,1.279194871457263,0.08710746941832495,1.0,0.0,0.0,0.0,0.0,0.0,0.0,0.0,0.0,0.0,0.0,0.0,0.0,0.0,0.0091273374888691
-0.29064424471114847,1.0909180867096395,-1.0861546796977508,-0.5200869169815164,-1.5534573815391342,-0.9102294441987615,-1.1961859893850901,-0.3459445975091029,-0.9828497383382108,0.6978315065230265,-1.5080683736623028,-0.6015355179446069,0.0,0.0,0.0,0.0,0.0,0.0,1.0,0.0,0.0,0.0,0.0,0.0,0.0,0.0,0.005019475565192949
-0.2898363455748589,-0.9796752013776975,0.33763591381213703,1.745137704586445,-1.0057851691157738,-0.9102294441987615,-0.5240860296961021,1.2439678856319394,-0.9828497383382108,0.6978315065230265,0.5323499358345247,-1.1056571729702842,0.0,0.0,0.0,0.0,0.0,0.0,0.0,0.0,0.0,1.0,0.0,0.0,0.0,0.0,0.0058619693907017035
-0.276764272664731,-1.1522246420516422,0.01853264232796247,1.745137704586445,0.2233315215148743,-0.9102294441987615,-0.822838430685427,-0.9795773352127839,0.7930671786964866,-1.4517183740658521,-1.5080683736623033,0.7757504567812562,0.0,0.0,0.0,0.0,0.0,0.0,0.0,0.0,0.0,0.0,1.0,0.0,0.0,0.0,0.005019475565192949
-0.28622397689579365,1.0909180867096395,-2.031592400498983,-0.8598706102167106,0.5425312859594769,1.098624095686401,1.5905181265127992,0.3857114658520555,-0.4745676401226237,-1.4517183740658524,0.5323499358345247,-1.1056571729702842,0.0,0.0,1.0,0.0,0.0,0.0,0.0,0.0,0.0,0.0,0.0,0.0,0.0,0.0,0.004870499339979062
-0.276648385493542,-0.28947743868191844,0.39529448530647543,1.4053540113512508,1.545167582936123,1.098624095686401,-1.2453381279560574,0.019883434171475936,-1.2649250221373824,-0.4950786800372096,-0.21449499978821382,1.4643934441441873,0.0,0.0,0.0,0.0,0.0,0.0,0.0,0.0,0.0,0.0,1.0,0.0,0.0,0.0,0.005701642413411624
-0.2725492906954826,0.40072032401386054,-1.7943655180346214,0.3860029316456681,1.1921370754889735,1.098624095686401,-1.0520792106880494,0.7266089217330104,1.3013492769120731,0.6978315065230267,0.5323499358345247,-1.1056571729702842,0.0,0.0,0.0,0.0,0.0,0.0,0.0,1.0,0.0,0.0,0.0,0.0,0.0,0.0,0.005019475565192949
-0.28307515690148477,-0.23196095845727022,1.5805078136153736,-0.29356445482472027,-0.896221903829459,-0.9102294441987615,-1.1961859893850901,-0.3459445975091029,0.7930671786964866,-1.4517183740658521,1.0790783740858765,0.7757504567812562,0.0,0.0,0.0,0.0,0.0,0.0,0.0,0.0,0.0,0.0,0.0,0.0,1.0,0.0,0.0066519843588475885
0.010907418970965015,0.6883027251371018,-0.4106673583474366,-0.9731318412951087,-1.6888604499939068,-0.9102294441987615,0.5705136272635176,-1.3454053668933625,0.15924976928693121,1.2287264842017966,0.5323499358345247,1.279872111806934,0.0,0.0,0.0,0.0,0.0,0.0,0.0,0.0,0.0,0.0,0.0,0.0,1.0,0.0,0.005741754573374282
-0.2662615838929667,-1.1522246420516422,-0.5746354819475019,1.1788315491944545,-0.022054217296872264,-0.9102294441987615,-1.0520792106880494,0.7266089217330104,-0.9828497383382108,0.6978315065230265,1.0790783740858765,-0.6015355179446059,0.0,0.0,0.0,0.0,0.0,0.0,0.0,1.0,0.0,0.0,0.0,0.0,0.0,0.0,0.006808838643371017
-0.29077999825454137,-0.6920928002544562,-1.1530516705352698,-0.40682568590311835,0.851733906122708,1.098624095686401,1.4464113478157588,-0.6868420533900575,-1.2649250221373824,-0.4950786800372096,0.5323499358345247,1.279872111806934,0.0,0.0,0.0,0.0,1.0,0.0,0.0,0.0,0.0,0.0,0.0,0.0,0.0,0.0,0.0058619693907017035
-0.22959157186670887,-1.094708161826994,-0.5545117021142616,1.6318764735080469,0.36333816135006597,1.098624095686401,1.4464113478157588,-0.6868420533900575,0.7930671786964866,-1.4517183740658521,0.5323499358345247,1.279872111806934,0.0,0.0,0.0,0.0,1.0,0.0,0.0,0.0,0.0,0.0,0.0,0.0,0.0,0.0,0.005748611290530939
-0.27524118412910314,-0.0018950375586772059,1.1400971458576272,1.1788315491944545,0.4909745477639258,-0.9102294441987615,1.5905181265127992,-0.3459445975091029,-1.2649250221373824,-0.4950786800372096,-1.5080683736623033,0.7757504567812562,0.0,0.0,0.0,1.0,0.0,0.0,0.0,0.0,0.0,0.0,0.0,0.0,0.0,0.0,0.005016791740951118
-0.286180933089352,0.515753284463157,-0.584208320192598,-1.539437996687099,0.533470775885301,1.098624095686401,0.19716606856385482,-1.3935675409515917,0.15924976928693121,1.2287264842017966,-0.21449499978821382,1.4643934441441873,0.0,0.0,0.0,0.0,0.0,0.0,1.0,0.0,0.0,0.0,0.0,0.0,0.0,0.0,0.00507306531736306
-0.28138320420212426,-0.634576320029808,0.2975086335115391,-0.40682568590311835,3.1318481683249337,1.098624095686401,-0.1761814901358091,1.3851722352363147,-0.9828497383382108,0.6978315065230265,0.5323499358345247,-1.1056571729702842,0.0,0.0,0.0,0.0,0.0,0.0,0.0,0.0,0.0,0.0,0.0,1.0,0.0,0.0,0.006034114125528579
-0.23076368782673554,-0.17444447823262196,-1.933690456832767,-0.5200869169815164,-1.798171722106456,1.098624095686401,-1.2453381279560574,0.019883434171475936,1.583424560711245,-0.49507868003720934,-0.21449499978821382,1.4643934441441873,0.0,0.0,0.0,0.0,0.0,0.0,0.0,0.0,0.0,1.0,0.0,0.0,0.0,0.0,0.006034114125528579
-0.27524118412910314,-0.0018950375586772059,-1.054072872416238,-0.29356445482472027,0.03890294251885688,-0.9102294441987615,-1.1961859893850901,-0.3459445975091029,-0.4745676401226237,-1.4517183740658524,-0.21449499978821382,1.4643934441441873,0.0,0.0,0.0,0.0,0.0,0.0,1.0,0.0,0.0,0.0,0.0,0.0,0.0,0.0,0.005016791740951118
-0.2583680120039736,1.2634675273835843,-0.5740963491595349,0.2727417005672701,-0.9717371411199514,1.098624095686401,-0.176181490135808,-1.3454053668933625,1.3013492769120731,0.6978315065230267,1.0790783740858765,0.7757504567812562,0.0,0.0,0.0,0.0,0.0,1.0,0.0,0.0,0.0,0.0,0.0,0.0,0.0,0.0,0.0066519843588475885
-0.291581275266763,-0.40451039913121495,-1.114540743927714,1.0655703181160565,2.106727082844721,1.098624095686401,-1.2453381279560574,0.019883434171475936,1.583424560711245,-0.49507868003720934,-0.21449499978821382,1.4643934441441873,0.0,0.0,0.0,0.0,0.0,0.0,0.0,0.0,0.0,0.0,0.0,0.0,0.0,1.0,0.00507306531736306
-0.2930083430034056,0.1131379228906193,0.2950057027139752,-1.539437996687099,-1.2267287942502894,-0.9102294441987615,-1.1961859893850901,-0.3459445975091029,-1.2649250221373824,-0.4950786800372096,1.0790783740858765,0.7757504567812562,0.0,0.0,0.0,0.0,0.0,0.0,0.0,0.0,0.0,1.0,0.0,0.0,0.0,0.0,0.005727713320605081
2.08102313535568,0.40072032401386054,-1.6277497691579765,0.6125253938024643,-0.24217960599331695,-0.9102294441987615,0.5705136272635173,1.3851722352363152,0.7930671786964866,-1.4517183740658521,1.279194871457263,0.08710746941832495,0.0,0.0,0.0,0.0,0.0,0.0,0.0,0.0,0.0,1.0,0.0,0.0,0.0,0.0,0.006548038524782711
-0.2877371322453196,-0.864642240928401,1.3218313791234653,0.8390478559592605,-0.07862447340557649,-0.9102294441987615,-0.176181490135808,-1.3454053668933625,-0.4745676401226237,-1.4517183740658524,-1.5080683736623028,-0.6015355179446069,0.0,0.0,0.0,0.0,0.0,0.0,0.0,0.0,0.0,0.0,1.0,0.0,0.0,0.0,0.004802544050361813
-0.2867073919527538,0.6883027251371018,-1.4037980712638902,1.1788315491944545,-0.16923490505922067,-0.9102294441987615,1.2171705678131368,1.0193442035557359,-1.2649250221373824,-0.4950786800372096,-1.5080683736623033,0.7757504567812562,1.0,0.0,0.0,0.0,0.0,0.0,0.0,0.0,0.0,0.0,0.0,0.0,0.0,0.0,0.005579171094580234
-0.2917567615545636,2.6438630527751426,-0.6133715419093957,0.3860029316456681,-0.003623077542556892,1.098624095686401,1.5905181265127992,-0.3459445975091029,1.3013492769120731,0.6978315065230267,1.0790783740858765,0.7757504567812562,0.0,0.0,0.0,0.0,0.0,0.0,0.0,0.0,0.0,0.0,0.0,1.0,0.0,0.0,0.005741754573374282
-0.09603657366434894,-0.634576320029808,0.297411106622608,1.4053540113512508,-0.6945943245728102,-0.9102294441987615,-0.176181490135808,-1.3454053668933625,0.7930671786964866,-1.4517183740658521,1.279194871457263,0.08710746941832495,0.0,0.0,0.0,0.0,0.0,1.0,0.0,0.0,0.0,0.0,0.0,0.0,0.0,0.0,0.005263157894736842
-0.2922799093559314,1.0334016064849914,-1.5581911753638595,-0.5200869169815164,0.43198915246460085,-0.9102294441987615,0.9184181668238106,-1.2042010172889874,-0.9828497383382108,0.6978315065230265,-1.5080683736623028,-0.6015355179446069,1.0,0.0,0.0,0.0,0.0,0.0,0.0,0.0,0.0,0.0,0.0,0.0,0.0,0.0,0.0041211101766190075
0.23161619203157857,-0.28947743868191844,-0.05035291911118645,1.745137704586445,0.4461420166223515,1.098624095686401,1.2171705678131368,-0.9795773352127832,-1.2649250221373824,-0.4950786800372096,-1.5080683736623028,-0.6015355179446069,0.0,0.0,1.0,0.0,0.0,0.0,0.0,0.0,0.0,0.0,0.0,0.0,0.0,0.0,0.00788296285775158
-0.29296861025899795,-1.784905924522773,1.0854347248108578,0.8390478559592605,0.09119732990797814,1.098624095686401,-1.0520792106880494,0.7266089217330104,0.7930671786964866,-1.4517183740658521,0.5323499358345247,1.279872111806934,0.0,1.0,0.0,0.0,0.0,0.0,0.0,0.0,0.0,0.0,0.0,0.0,0.0,0.0,0.0070486706689536875
-0.2859855804293476,-0.0018950375586772059,-0.7391853537640082,-1.0863930723735067,-0.1272661521121807,-0.9102294441987615,1.639670265083767,0.019883434171476283,1.583424560711245,-0.49507868003720934,1.279194871457263,0.08710746941832495,0.0,0.0,0.0,1.0,0.0,0.0,0.0,0.0,0.0,0.0,0.0,0.0,0.0,0.0,0.002283477409884195
0.8353618654303964,-0.9221587211530492,1.502208714027445,0.6125253938024643,-2.0298080689088365,1.098624095686401,-1.1961859893850901,-0.3459445975091029,-1.2649250221373824,-0.4950786800372096,-0.21449499978821382,1.4643934441441873,0.0,0.0,0.0,0.0,0.0,0.0,0.0,0.0,0.0,0.0,0.0,0.0,1.0,0.0,0.006548038524782711
-0.2917666947406655,0.8608521658110466,-0.7023333459256905,-1.652699227765497,0.0637184667700364,-0.9102294441987615,-1.1961859893850901,0.38571146585205485,-0.9828497383382108,0.6978315065230265,1.279194871457263,0.08710746941832495,1.0,0.0,0.0,0.0,0.0,0.0,0.0,0.0,0.0,0.0,0.0,0.0,0.0,0.0,0.005727713320605081
-0.2935248686807055,-0.7496092804791045,0.7356592348852715,1.2920927802728528,0.7412036397348283,1.098624095686401,-1.1961859893850901,0.38571146585205485,-0.4745676401226237,-1.4517183740658524,-0.21449499978821382,1.4643934441441873,1.0,0.0,0.0,0.0,0.0,0.0,0.0,0.0,0.0,0.0,0.0,0.0,0.0,0.0,0.0068654795108345846
-0.26237770812711564,1.148434566934288,-1.3260890654061428,0.3860029316456681,-0.9056330256105075,1.098624095686401,1.639670265083767,0.019883434171476283,-0.4745676401226237,-1.4517183740658524,-0.9613399354109513,-1.1056571729702844,0.0,0.0,0.0,0.0,0.0,0.0,0.0,0.0,0.0,1.0,0.0,0.0,0.0,0.0,0.0066519843588475885
-0.2793932559197061,0.6307862449124536,1.651100947917329,1.1788315491944545,0.28629462389285837,1.098624095686401,0.19716606856385482,-1.3935675409515917,0.15924976928693121,1.2287264842017966,-1.5080683736623028,-0.6015355179446069,0.0,0.0,0.0,0.0,0.0,0.0,1.0,0.0,0.0,0.0,0.0,0.0,0.0,0.0,0.0068654795108345846
-0.29321693991154596,0.5732697646878053,-0.9695078782611727,0.04621923841047393,0.48019004461817383,1.098624095686401,1.2171705678131368,-0.9795773352127832,1.3013492769120731,0.6978315065230267,-0.2144949997882133,-1.2901785053075374,0.0,0.0,1.0,0.0,0.0,0.0,0.0,0.0,0.0,0.0,0.0,0.0,0.0,0.0,0.0027689030883919063
-0.1527385109961472,-0.05941151778332546,0.449116907796624,-1.312915534530303,0.6274489579679726,1.098624095686401,0.19716606856385482,-1.3935675409515917,0.7930671786964866,-1.4517183740658521,-0.2144949997882133,-1.2901785053075374,0.0,0.0,0.0,0.0,0.0,0.0,1.0,0.0,0.0,0.0,0.0,0.0,0.0,0.0,0.006548038524782711
-0.262086334668126,-1.3822905629502353,0.1287161604309823,-0.6333481480599145,0.589285234936081,-0.9102294441987615,-0.8228384306854276,1.0193442035557354,-0.9828497383382108,0.6978315065230265,1.279194871457263,0.08710746941832495,0.0,0.0,0.0,0.0,0.0,0.0,0.0,0.0,0.0,0.0,0.0,0.0,1.0,0.0,0.005701642413411624
-0.29357122354918114,-0.5770598398051597,0.7391111908115602,1.0655703181160565,-0.9537062794636529,-0.9102294441987615,-0.1761814901358091,1.3851722352363147,-1.2649250221373824,-0.4950786800372096,1.0790783740858765,-0.6015355179446059,0.0,0.0,0.0,0.0,0.0,0.0,0.0,0.0,0.0,0.0,1.0,0.0,0.0,0.0,0.00493485984998026
-0.2918461602294809,-1.3822905629502353,1.738806318709836,-0.6333481480599145,-0.1560992452140219,-0.9102294441987615,-0.822838430685427,-0.9795773352127839,0.7930671786964866,-1.4517183740658521,-1.5080683736623033,0.7757504567812562,0.0,0.0,0.0,0.0,0.0,1.0,0.0,0.0,0.0,0.0,0.0,0.0,0.0,0.0,0.005579171094580234
-0.28853509819550727,0.4582368042385088,0.25981825754424515,0.8390478559592605,0.5725686438624548,-0.9102294441987615,1.5905181265127992,-0.3459445975091029,0.7930671786964866,-1.4517183740658521,0.5323499358345247,1.279872111806934,0.0,0.0,1.0,0.0,0.0,0.0,0.0,0.0,0.0,0.0,0.0,0.0,0.0,0.0,0.005579171094580234
-0.2891509557338263,0.515753284463157,1.0665490932756965,1.2920927802728528,1.03158043089116,-0.9102294441987615,0.5705136272635176,-1.3454053668933625,0.15924976928693121,1.2287264842017966,1.0790783740858765,-0.6015355179446059,0.0,0.0,0.0,0.0,1.0,0.0,0.0,0.0,0.0,0.0,0.0,0.0,0.0,0.0,0.007754028723619446
1.3411696349263087,-0.3469939189065667,0.08849433706633246,0.9523090870376585,0.06350969699368744,1.098624095686401,0.19716606856385482,-1.3935675409515917,1.3013492769120731,0.6978315065230267,1.279194871457263,0.08710746941832495,0.0,0.0,0.0,0.0,0.0,1.0,0.0,0.0,0.0,0.0,0.0,0.0,0.0,0.0,0.005263157894736842
-0.2739664252460233,-0.634576320029808,-0.9256699717861512,1.1788315491944545,-0.6759550818958451,1.098624095686401,-0.822838430685427,-0.9795773352127839,0.7930671786964866,-1.4517183740658521,-1.7081848710336898,0.08710746941832462,0.0,0.0,0.0,0.0,0.0,0.0,0.0,0.0,0.0,0.0,1.0,0.0,0.0,0.0,0.005016791740951118
0.338878046622154,0.5732697646878053,-0.93216161384459,0.7257866248808623,0.6523754718405929,-0.9102294441987615,-1.0520792106880494,0.7266089217330104,-0.9828497383382108,0.6978315065230265,1.279194871457263,0.08710746941832495,0.0,0.0,0.0,0.0,0.0,0.0,1.0,0.0,0.0,0.0,0.0,0.0,0.0,0.0,0.007754028723619446
-0.29213422262643657,0.4582368042385088,0.3514734873076187,0.2727417005672701,0.7441612814674837,1.098624095686401,1.5905181265127992,0.3857114658520555,0.15924976928693121,1.2287264842017966,0.5323499358345247,-1.1056571729702842,0.0,0.0,0.0,0.0,1.0,0.0,0.0,0.0,0.0,0.0,0.0,0.0,0.0,0.0,0.004802544050361813
-0.28880991634432707,-0.634576320029808,-2.043934853556457,1.5186152424296488,0.49397712215384304,-0.9102294441987615,1.5905181265127992,-0.3459445975091029,-0.4745676401226237,-1.4517183740658524,-0.9613399354109522,1.2798721118069336,0.0,0.0,1.0,0.0,0.0,0.0,0.0,0.0,0.0,0.0,0.0,0.0,0.0,0.0,0.006808838643371017
-0.06276371128494802,1.148434566934288,-1.3443336329540598,0.3860029316456681,0.7109899012191441,1.098624095686401,0.19716606856385466,1.4333344092945444,0.7930671786964866,-1.4517183740658521,-0.21449499978821382,1.4643934441441873,0.0,1.0,0.0,0.0,0.0,0.0,0.0,0.0,0.0,0.0,0.0,0.0,0.0,0.0,0.005016791740951118
-0.2761252376921741,0.4582368042385088,-0.8075404027014077,-1.426176765608701,0.2101360910488052,1.098624095686401,0.9184181668238106,-1.2042010172889874,-1.2649250221373824,-0.4950786800372096,-1.5080683736623028,-0.6015355179446069,0.0,0.0,1.0,0.0,0.0,0.0,0.0,0.0,0.0,0.0,0.0,0.0,0.0,0.0,0.005016791740951118
-0.2904786916094498,-0.3469939189065667,0.3332076571295727,-0.40682568590311835,-0.9383608907914539,-0.9102294441987615,0.19716606856385482,-1.3935675409515917,0.7930671786964866,-1.4517183740658521,-1.7081848710336898,0.08710746941832462,0.0,0.0,0.0,0.0,0.0,0.0,0.0,0.0,0.0,0.0,0.0,0.0,0.0,1.0,0.004802544050361813
0.020814116576614087,-0.8071257607037527,-1.1047731867126642,-0.06704199266792414,-0.9709444133050764,1.098624095686401,-1.0520792106880494,0.7266089217330104,0.15924976928693121,1.2287264842017966,-0.9613399354109513,-1.1056571729702844,0.0,0.0,0.0,0.0,0.0,0.0,0.0,0.0,0.0,0.0,0.0,0.0,1.0,0.0,0.00507306531736306
0.11992082537751247,-0.3469939189065667,0.7739235548352715,1.745137704586445,0.06746674622156736,1.098624095686401,-1.1961859893850901,0.38571146585205485,-0.9828497383382108,0.6978315065230265,0.5323499358345247,-1.1056571729702842,0.0,0.0,0.0,0.0,0.0,0.0,0.0,0.0,0.0,0.0,1.0,0.0,0.0,0.0,0.004595959595959596
-0.29141241110303034,-0.7496092804791045,1.179682805458743,1.4053540113512508,0.9182566892377465,1.098624095686401,0.19716606856385482,-1.3935675409515917,1.3013492769120731,0.6978315065230267,1.0790783740858765,-0.6015355179446059,0.0,0.0,0.0,0.0,0.0,0.0,0.0,0.0,0.0,0.0,0.0,0.0,1.0,0.0,0.005579171094580234
2.493104671855901,0.5732697646878053,-0.8522417439667624,1.5186152424296488,0.8308209958401777,1.098624095686401,-0.5240860296961021,1.2439678856319394,1.3013492769120731,0.6978315065230267,0.5323499358345247,1.279872111806934,0.0,0.0,0.0,0.0,0.0,0.0,0.0,1.0,0.0,0.0,0.0,0.0,0.0,0.0,0.007754028723619446
0.6229671691370906,-1.324774082725587,-0.22657742940901238,1.5186152424296488,-1.8909740689572452,1.098624095686401,-0.5240860296961021,1.2439678856319394,1.583424560711245,-0.49507868003720934,0.5323499358345247,1.279872111806934,0.0,0.0,0.0,0.0,0.0,0.0,0.0,0.0,0.0,0.0,0.0,1.0,0.0,0.0,0.0091273374888691
-0.26978786495914864,-0.864642240928401,0.1505764550799423,-0.8598706102167106,0.21701887000778322,1.098624095686401,-1.2453381279560574,0.019883434171475936,0.15924976928693121,1.2287264842017966,1.0790783740858765,-0.6015355179446059,0.0,0.0,0.0,0.0,0.0,0.0,0.0,0.0,0.0,0.0,1.0,0.0,0.0,0.0,0.004804026231508312
-0.22867440768329816,-0.634576320029808,-2.0722387260693274,0.8390478559592605,1.3956451149663196,-0.9102294441987615,1.5905181265127992,-0.3459445975091029,0.15924976928693121,1.2287264842017966,-1.7081848710336898,0.08710746941832462,0.0,0.0,0.0,0.0,1.0,0.0,0.0,0.0,0.0,0.0,0.0,0.0,0.0,0.0,0.005522265303724592
-0.2884523216446579,1.148434566934288,0.7137104031580112,-1.0863930723735067,0.8405432156749647,-0.9102294441987615,-0.8228384306854276,1.0193442035557354,0.15924976928693121,1.2287264842017966,0.5323499358345247,-1.1056571729702842,0.0,0.0,0.0,0.0,0.0,0.0,0.0,0.0,0.0,0.0,1.0,0.0,0.0,0.0,0.004802544050361813
-0.11410503918374298,0.1131379228906193,1.9204968869921764,-1.0863930723735067,1.360366725444355,-0.9102294441987615,1.5905181265127992,-0.3459445975091029,0.15924976928693121,1.2287264842017966,0.5323499358345247,1.279872111806934,0.0,0.0,0.0,0.0,1.0,0.0,0.0,0.0,0.0,0.0,0.0,0.0,0.0,0.0,0.005741754573374282
-0.2917799389888014,0.7458192053617501,0.9881532783899623,1.2920927802728528,0.41186429882970527,1.098624095686401,1.2171705678131368,-0.9795773352127832,0.15924976928693121,1.2287264842017966,0.5323499358345247,-1.1056571729702842,0.0,0.0,1.0,0.0,0.0,0.0,0.0,0.0,0.0,0.0,0.0,0.0,0.0,0.0,0.006034114125528579
9.330411350329051,-0.634576320029808,0.4629882077617678,-0.9731318412951087,0.4884433721690969,-0.9102294441987615,-1.0520792106880494,0.7266089217330104,0.7930671786964866,-1.4517183740658521,1.279194871457263,0.08710746941832495,1.0,0.0,0.0,0.0,0.0,0.0,0.0,0.0,0.0,0.0,0.0,0.0,0.0,0.0,0.00507306531736306
-0.2879291738432901,-0.5195433595805115,0.5800814092509622,0.9523090870376585,0.5508190667005266,-0.9102294441987615,1.4464113478157588,0.7266089217330104,0.15924976928693121,1.2287264842017966,-0.2144949997882133,-1.2901785053075374,0.0,0.0,1.0,0.0,0.0,0.0,0.0,0.0,0.0,0.0,0.0,0.0,0.0,0.0,0.007369614512471655
-0.2935083133705356,2.6438630527751426,1.1041149762027291,0.04621923841047393,-1.2803241733382045,-0.9102294441987615,0.5705136272635173,1.3851722352363152,-0.9828497383382108,0.6978315065230265,-0.2144949997882133,-1.2901785053075374,0.0,0.0,0.0,0.0,0.0,0.0,0.0,0.0,0.0,1.0,0.0,0.0,0.0,0.0,0.005579171094580234
-0.2867603689452974,-0.17444447823262196,1.7392733114486125,-0.29356445482472027,-0.07787247712821779,1.098624095686401,1.4464113478157588,-0.6868420533900575,-1.2649250221373824,-0.4950786800372096,1.0790783740858765,-0.6015355179446059,0.0,0.0,0.0,0.0,0.0,0.0,0.0,0.0,0.0,1.0,0.0,0.0,0.0,0.0,0.005578996718237224
-0.29305469787188126,-0.40451039913121495,-1.6669722021200242,0.04621923841047393,0.6523754718405929,-0.9102294441987615,-1.1961859893850901,-0.3459445975091029,-0.9828497383382108,0.6978315065230265,-0.2144949997882133,-1.2901785053075374,0.0,0.0,0.0,0.0,0.0,0.0,0.0,0.0,1.0,0.0,0.0,0.0,0.0,0.0,0.005748611290530939
-0.2923196421003391,1.4360169680575292,1.458389705740285,-0.5200869169815164,0.0763483280814555,1.098624095686401,1.4464113478157588,-0.6868420533900575,1.583424560711245,-0.49507868003720934,-1.7081848710336898,0.08710746941832462,0.0,0.0,1.0,0.0,0.0,0.0,0.0,0.0,0.0,0.0,0.0,0.0,0.0,0.0,0.007369614512471655
-0.29276663547492554,-0.5770598398051597,-0.14455115724970466,0.04621923841047393,-1.004956889165911,-0.9102294441987615,-1.052079210688049,-0.6868420533900584,-1.2649250221373824,-0.4950786800372096,1.279194871457263,0.08710746941832495,0.0,0.0,0.0,0.0,0.0,0.0,0.0,0.0,0.0,0.0,0.0,1.0,0.0,0.0,0.005579171094580234
0.4486728636687192,-0.6920928002544562,-1.2256223686508547,-0.1803032237463222,1.607115120071076,-0.9102294441987615,1.5905181265127992,0.3857114658520555,-1.2649250221373824,-0.4950786800372096,-0.21449499978821382,1.4643934441441873,0.0,0.0,0.0,0.0,0.0,0.0,0.0,0.0,0.0,1.0,0.0,0.0,0.0,0.0,0.006548038524782711
-0.29010785266164474,0.8033356855863983,0.5799017159901798,1.5186152424296488,1.03504918592089,-0.9102294441987615,1.639670265083767,0.019883434171476283,-0.9828497383382108,0.6978315065230265,-0.21449499978821382,1.4643934441441873,0.0,0.0,0.0,0.0,1.0,0.0,0.0,0.0,0.0,0.0,0.0,0.0,0.0,0.0,0.007418060706986602
-0.2889589141358559,0.515753284463157,1.7258775821394736,-1.0863930723735067,-2.150415235730018,-0.9102294441987615,1.5905181265127992,0.3857114658520555,0.15924976928693121,1.2287264842017966,0.5323499358345247,1.279872111806934,0.0,0.0,0.0,0.0,0.0,0.0,0.0,0.0,0.0,0.0,0.0,0.0,1.0,0.0,0.005701642413411624
-0.2402697469262738,-0.23196095845727022,-1.1918135275180093,0.4992641627240662,-1.2300413292460863,-0.9102294441987615,-0.822838430685427,-0.9795773352127839,-0.9828497383382108,0.6978315065230265,-1.5080683736623033,0.7757504567812562,0.0,0.0,0.0,0.0,0.0,0.0,0.0,0.0,0.0,0.0,0.0,0.0,1.0,0.0,0.005727713320605081
-0.29305469787188126,-0.40451039913121495,0.6406811802158476,-1.539437996687099,-1.6273879725188687,-0.9102294441987615,-0.1761814901358091,1.3851722352363147,-1.2649250221373824,-0.4950786800372096,-0.9613399354109522,1.2798721118069336,0.0,0.0,0.0,0.0,0.0,0.0,0.0,0.0,0.0,0.0,0.0,0.0,0.0,1.0,0.005748611290530939
-0.21160588289816418,0.8033356855863983,0.5125649758641323,-0.9731318412951087,1.2013415289128684,1.098624095686401,1.4464113478157588,0.7266089217330104,0.7930671786964866,-1.4517183740658521,0.5323499358345247,-1.1056571729702842,1.0,0.0,0.0,0.0,0.0,0.0,0.0,0.0,0.0,0.0,0.0,0.0,0.0,0.0,0.005370802365323062
0.15001506820429872,1.0334016064849914,-1.1046630644504931,-0.6333481480599145,0.6001282509108493,1.098624095686401,1.4464113478157588,-0.6868420533900575,-0.4745676401226237,-1.4517183740658524,0.5323499358345247,1.279872111806934,0.0,0.0,0.0,0.0,1.0,0.0,0.0,0.0,0.0,0.0,0.0,0.0,0.0,0.0,0.005370802365323062
-0.2877271990592177,0.6307862449124536,-0.8158712983298111,0.04621923841047393,0.3212177922680986,-0.9102294441987615,1.639670265083767,0.019883434171476283,-1.2649250221373824,-0.4950786800372096,0.5323499358345247,-1.1056571729702842,0.0,0.0,1.0,0.0,0.0,0.0,0.0,0.0,0.0,0.0,0.0,0.0,0.0,0.0,0.005070993914807302
-0.2908892633016625,-1.4973235233995317,-0.38026415031093835,-1.539437996687099,-1.3417236246317406,1.098624095686401,-0.1761814901358091,1.3851722352363147,-0.9828497383382108,0.6978315065230265,-0.2144949997882133,-1.2901785053075374,0.0,0.0,0.0,0.0,0.0,1.0,0.0,0.0,0.0,0.0,0.0,0.0,0.0,0.0,0.00493485984998026
-0.29091244073590034,-0.864642240928401,-0.5462915842148348,-1.539437996687099,-1.751281574825368,-0.9102294441987615,-1.1961859893850901,-0.3459445975091029,0.15924976928693121,1.2287264842017966,-0.21449499978821382,1.4643934441441873,0.0,0.0,0.0,0.0,0.0,0.0,0.0,0.0,1.0,0.0,0.0,0.0,0.0,0.0,0.005139364755995925
-0.13967968233415523,0.2281708833399158,1.038971131448476,-1.312915534530303,0.42297782073566814,-0.9102294441987615,-1.1961859893850901,0.38571146585205485,1.583424560711245,-0.49507868003720934,1.279194871457263,0.08710746941832495,0.0,1.0,0.0,0.0,0.0,0.0,0.0,0.0,0.0,0.0,0.0,0.0,0.0,0.0,0.00507306531736306
-0.05716139432346466,-0.05941151778332546,-1.088842910900843,1.6318764735080469,-0.18719861846100996,-0.9102294441987615,1.4464113478157588,-0.6868420533900575,0.15924976928693121,1.2287264842017966,-0.21449499978821382,1.4643934441441873,0.0,0.0,0.0,1.0,0.0,0.0,0.0,0.0,0.0,0.0,0.0,0.0,0.0,0.0,0.004595959595959596
-0.28753184639921325,1.0909180867096395,-0.3627573267587234,-1.539437996687099,-1.9934412168069178,-0.9102294441987615,1.5905181265127992,-0.3459445975091029,0.15924976928693121,1.2287264842017966,-0.21449499978821382,1.4643934441441873,0.0,0.0,0.0,0.0,0.0,0.0,0.0,0.0,1.0,0.0,0.0,0.0,0.0,0.0,0.005579171094580234
-0.2565833495676618,0.05562144266597105,1.0228653243533412,-0.1803032237463222,-0.9607120038480742,-0.9102294441987615,0.19716606856385482,-1.3935675409515917,-1.2649250221373824,-0.4950786800372096,-0.21449499978821382,1.4643934441441873,0.0,0.0,0.0,0.0,0.0,0.0,0.0,0.0,0.0,0.0,1.0,0.0,0.0,0.0,0.005741754573374282
-0.2920646903237231,-0.5195433595805115,0.7600200491713521,-1.539437996687099,0.06954132381374893,-0.9102294441987615,-0.176181490135808,-1.3454053668933625,0.7930671786964866,-1.4517183740658521,1.0790783740858765,-0.6015355179446059,0.0,0.0,0.0,0.0,0.0,0.0,0.0,1.0,0.0,0.0,0.0,0.0,0.0,0.0,0.005578996718237224
-0.2891774442300981,0.2281708833399158,-0.3492522876399141,-0.8598706102167106,-1.401472198115084,-0.9102294441987615,-1.1961859893850901,-0.3459445975091029,0.15924976928693121,1.2287264842017966,-0.2144949997882133,-1.2901785053075374,0.0,0.0,0.0,0.0,0.0,0.0,0.0,0.0,0.0,0.0,0.0,0.0,1.0,0.0,0.005263157894736842
-0.29357784567324907,0.9183686460356948,1.7258067864190967,-0.8598706102167106,-0.37308500135250855,1.098624095686401,-1.1961859893850901,-0.3459445975091029,0.15924976928693121,1.2287264842017966,-0.2144949997882133,-1.2901785053075374,0.0,0.0,0.0,0.0,0.0,0.0,0.0,1.0,0.0,0.0,0.0,0.0,0.0,0.0,0.005578996718237224
-0.20123894766979275,-0.634576320029808,-0.34838352616531554,1.5186152424296488,-1.049245067107459,-0.9102294441987615,-0.5240860296961021,1.2439678856319394,-0.9828497383382108,0.6978315065230265,-0.21449499978821382,1.4643934441441873,0.0,0.0,0.0,0.0,0.0,0.0,0.0,0.0,0.0,0.0,0.0,0.0,1.0,0.0,0.005748611290530939
-0.29342884788172025,1.5510499285068255,0.41330845683534995,-0.1803032237463222,1.0542625231811602,1.098624095686401,0.9184181668238106,1.2439678856319398,0.7930671786964866,-1.4517183740658521,1.279194871457263,0.08710746941832495,0.0,0.0,0.0,0.0,1.0,0.0,0.0,0.0,0.0,0.0,0.0,0.0,0.0,0.0,0.0070486706689536875
-0.28732987161514084,-0.6920928002544562,-0.49913781029605775,-1.426176765608701,-1.0276368704433874,-0.9102294441987615,-0.524086029696101,-1.2042010172889877,-0.9828497383382108,0.6978315065230265,1.279194871457263,0.08710746941832495,0.0,0.0,0.0,0.0,0.0,0.0,0.0,0.0,0.0,0.0,0.0,1.0,0.0,0.0,0.0068654795108345846
-0.29365400010003045,1.7811158494054187,-0.5877059654753641,-1.426176765608701,0.24692765826396093,1.098624095686401,-1.052079210688049,-0.6868420533900584,-0.4745676401226237,-1.4517183740658524,0.5323499358345247,-1.1056571729702842,0.0,0.0,0.0,0.0,0.0,1.0,0.0,0.0,0.0,0.0,0.0,0.0,0.0,0.0,0.007754028723619446
-0.1520829207134204,-0.46202687935586323,-1.346032301604638,-0.6333481480599145,1.3698031034206624,-0.9102294441987615,1.639670265083767,0.019883434171476283,-0.9828497383382108,0.6978315065230265,0.5323499358345247,-1.1056571729702842,0.0,0.0,0.0,0.0,1.0,0.0,0.0,0.0,0.0,0.0,0.0,0.0,0.0,0.0,0.007754028723619446
-0.24804412058204386,0.40072032401386054,1.65716410518142,-1.199654303451905,0.8496905398323,1.098624095686401,1.4464113478157588,0.7266089217330104,1.583424560711245,-0.49507868003720934,1.0790783740858765,0.7757504567812562,0.0,0.0,0.0,0.0,1.0,0.0,0.0,0.0,0.0,0.0,0.0,0.0,0.0,0.0,0.004595959595959596
-0.2803633970956604,-0.11692799800797371,0.9446601102299305,1.4053540113512508,0.1258705479323841,-0.9102294441987615,-1.0520792106880494,0.7266089217330104,1.583424560711245,-0.49507868003720934,-1.5080683736623028,-0.6015355179446069,1.0,0.0,0.0,0.0,0.0,0.0,0.0,0.0,0.0,0.0,0.0,0.0,0.0,0.0,0.005019475565192949
-0.2761252376921741,0.4582368042385088,1.8537872597727296,-1.312915534530303,0.879789833588325,1.098624095686401,-0.176181490135808,-1.3454053668933625,-0.9828497383382108,0.6978315065230265,-1.5080683736623028,-0.6015355179446069,0.0,0.0,0.0,0.0,0.0,0.0,0.0,1.0,0.0,0.0,0.0,0.0,0.0,0.0,0.005016791740951118
-0.29371028815460803,1.3785004878328808,-1.0022570652105043,1.4053540113512508,-1.9446760688465943,-0.9102294441987615,-1.052079210688049,-0.6868420533900584,0.7930671786964866,-1.4517183740658521,1.0790783740858765,0.7757504567812562,0.0,0.0,0.0,0.0,0.0,0.0,0.0,0.0,0.0,0.0,0.0,0.0,0.0,1.0,0.00507306531736306
0.11992082537751247,-0.3469939189065667,-2.386553411877599,0.8390478559592605,-1.0536398896249342,1.098624095686401,-1.052079210688049,-0.6868420533900584,0.15924976928693121,1.2287264842017966,1.279194871457263,0.08710746941832495,0.0,0.0,0.0,0.0,0.0,0.0,0.0,0.0,1.0,0.0,0.0,0.0,0.0,0.0,0.004595959595959596
-0.28317779982453795,-1.3822905629502353,-0.3682859787001216,-1.539437996687099,-0.9444626654165218,1.098624095686401,-0.176181490135808,-1.3454053668933625,-1.2649250221373824,-0.4950786800372096,-0.9613399354109522,1.2798721118069336,0.0,0.0,0.0,0.0,0.0,0.0,0.0,0.0,0.0,0.0,0.0,0.0,1.0,0.0,0.007418060706986602
2.7768130222369303,0.7458192053617501,-0.77792926957592,-1.652699227765497,0.5550407894928069,-0.9102294441987615,-1.1961859893850901,-0.3459445975091029,1.583424560711245,-0.49507868003720934,0.5323499358345247,-1.1056571729702842,0.0,0.0,0.0,0.0,0.0,1.0,0.0,0.0,0.0,0.0,0.0,0.0,0.0,0.0,0.004802544050361813
-0.2888662043989046,0.7458192053617501,1.4420432563118222,1.6318764735080469,-0.9195964513563096,1.098624095686401,-1.2453381279560574,0.019883434171475936,0.7930671786964866,-1.4517183740658521,0.5323499358345247,-1.1056571729702842,1.0,0.0,0.0,0.0,0.0,0.0,0.0,0.0,0.0,0.0,0.0,0.0,0.0,0.0,0.005070993914807302
-0.28106534224686275,0.6307862449124536,1.1097173938053404,-1.539437996687099,-1.5773264678773444,-0.9102294441987615,0.5705136272635176,-1.3454053668933625,1.3013492769120731,0.6978315065230267,-0.9613399354109513,-1.1056571729702844,0.0,0.0,0.0,0.0,0.0,0.0,0.0,0.0,0.0,0.0,0.0,0.0,1.0,0.0,0.006034114125528579
-0.2751219858958801,-0.8071257607037527,-0.8060201358489649,-0.7466093791383126,0.6443199161407054,1.098624095686401,0.5705136272635176,-1.3454053668933625,-1.2649250221373824,-0.4950786800372096,1.279194871457263,0.08710746941832495,0.0,0.0,1.0,0.0,0.0,0.0,0.0,0.0,0.0,0.0,0.0,0.0,0.0,0.0,0.0068654795108345846
-0.20170911847861703,1.0909180867096395,0.4708413462506482,-1.312915534530303,0.6277516639618017,-0.9102294441987615,-0.822838430685427,-0.9795773352127839,0.15924976928693121,1.2287264842017966,1.279194871457263,0.08710746941832495,0.0,0.0,0.0,0.0,0.0,0.0,0.0,0.0,0.0,0.0,1.0,0.0,0.0,0.0,0.005263157894736842
-0.2784462921779896,-1.3822905629502353,0.07771937410352986,-1.0863930723735067,-0.23724089229841944,1.098624095686401,0.19716606856385466,1.4333344092945444,-1.2649250221373824,-0.4950786800372096,-0.9613399354109513,-1.1056571729702844,0.0,0.0,0.0,1.0,0.0,0.0,0.0,0.0,0.0,0.0,0.0,0.0,0.0,0.0,0.005579171094580234
-0.23365093392036052,-0.11692799800797371,-0.13442418616396418,1.4053540113512508,0.1754984268665332,1.098624095686401,-0.524086029696101,-1.2042010172889877,-0.4745676401226237,-1.4517183740658524,-0.2144949997882133,-1.2901785053075374,0.0,0.0,0.0,0.0,0.0,0.0,0.0,1.0,0.0,0.0,0.0,0.0,0.0,0.0,0.0027689030883919063
-0.2911905699467541,0.4582368042385088,1.729774101204701,0.6125253938024643,-0.04189014272751813,1.098624095686401,-0.822838430685427,-0.9795773352127839,-1.2649250221373824,-0.4950786800372096,-0.21449499978821382,1.4643934441441873,0.0,0.0,0.0,0.0,0.0,1.0,0.0,0.0,0.0,0.0,0.0,0.0,0.0,0.0,0.004595959595959596
-0.19973572550636873,-1.4973235233995317,-1.4886317388758334,-1.199654303451905,0.6484563825420245,-0.9102294441987615,1.4464113478157588,0.7266089217330104,-0.9828497383382108,0.6978315065230265,1.0790783740858765,-0.6015355179446059,0.0,0.0,1.0,0.0,0.0,0.0,0.0,0.0,0.0,0.0,0.0,0.0,0.0,0.0,0.005579171094580234
0.01277816902016011,-1.6123564838488282,0.9002027934484318,0.6125253938024643,-2.1613662519614905,1.098624095686401,-0.524086029696101,-1.2042010172889877,0.15924976928693121,1.2287264842017966,-1.5080683736623033,0.7757504567812562,0.0,0.0,0.0,0.0,0.0,0.0,0.0,0.0,1.0,0.0,0.0,0.0,0.0,0.0,0.004802544050361813
-0.29064424471114847,1.0909180867096395,-1.2176433891562661,1.5186152424296488,-2.084433654700215,-0.9102294441987615,-0.822838430685427,-0.9795773352127839,0.15924976928693121,1.2287264842017966,-0.9613399354109513,-1.1056571729702844,1.0,0.0,0.0,0.0,0.0,0.0,0.0,0.0,0.0,0.0,0.0,0.0,0.0,0.0,0.005019475565192949
-0.25600060264968244,-0.7496092804791045,0.1143884199594716,-1.426176765608701,0.20144583547348957,-0.9102294441987615,-0.822838430685427,-0.9795773352127839,-0.9828497383382108,0.6978315065230265,-0.9613399354109522,1.2798721118069336,1.0,0.0,0.0,0.0,0.0,0.0,0.0,0.0,0.0,0.0,0.0,0.0,0.0,0.0,0.006548038524782711
1.0020605945928323,-1.1522246420516422,0.13165136547242903,-0.5200869169815164,0.4617925358651388,-0.9102294441987615,-1.1961859893850901,0.38571146585205485,-1.2649250221373824,-0.4950786800372096,1.0790783740858765,-0.6015355179446059,0.0,0.0,0.0,0.0,0.0,0.0,0.0,0.0,0.0,0.0,0.0,0.0,1.0,0.0,0.00788296285775158
-0.2673409901160421,1.896148809854715,-0.678403715778326,0.4992641627240662,0.76894016874856,-0.9102294441987615,1.5905181265127992,0.3857114658520555,-0.9828497383382108,0.6978315065230265,-1.5080683736623033,0.7757504567812562,0.0,0.0,0.0,0.0,1.0,0.0,0.0,0.0,0.0,0.0,0.0,0.0,0.0,0.0,0.00609632188579557
-0.2765821642528625,-1.1522246420516422,1.7975738931036194,-1.652699227765497,1.3373124893928179,-0.9102294441987615,-1.2453381279560574,0.019883434171475936,1.583424560711245,-0.49507868003720934,0.5323499358345247,-1.1056571729702842,0.0,0.0,0.0,0.0,0.0,0.0,0.0,0.0,0.0,0.0,0.0,0.0,1.0,0.0,0.005727713320605081
-0.29120381419489,2.3562806516519013,1.3597328953688503,-0.8598706102167106,-0.1726246443182412,1.098624095686401,1.4464113478157588,-0.6868420533900575,1.3013492769120731,0.6978315065230267,-1.5080683736623033,0.7757504567812562,0.0,0.0,0.0,0.0,0.0,0.0,0.0,0.0,0.0,0.0,0.0,0.0,1.0,0.0,0.005263157894736842
-0.2889522920117879,-0.05941151778332546,1.303492192872225,1.745137704586445,0.8142621855419477,1.098624095686401,0.5705136272635173,1.3851722352363152,-1.2649250221373824,-0.4950786800372096,-1.5080683736623028,-0.6015355179446069,0.0,0.0,0.0,0.0,1.0,0.0,0.0,0.0,0.0,0.0,0.0,0.0,0.0,0.0,0.0057821327683615815
-0.28370094762590575,2.586346572550494,-2.079078603536854,-1.539437996687099,0.02783240647380773,-0.9102294441987615,1.5905181265127992,0.3857114658520555,1.3013492769120731,0.6978315065230267,-0.9613399354109513,-1.1056571729702844,0.0,1.0,0.0,0.0,0.0,0.0,0.0,0.0,0.0,0.0,0.0,0.0,0.0,0.0,0.005579171094580234
0.01277816902016011,-1.6123564838488282,-0.5681489452103939,-0.5200869169815164,-1.798171722106456,1.098624095686401,-1.052079210688049,-0.6868420533900584,0.15924976928693121,1.2287264842017966,1.279194871457263,0.08710746941832495,0.0,0.0,0.0,0.0,0.0,0.0,0.0,0.0,0.0,0.0,0.0,0.0,1.0,0.0,0.004802544050361813
-0.2813500935817845,-0.17444447823262196,0.19788635948067237,-0.9731318412951087,0.16200792858507218,1.098624095686401,1.5905181265127992,-0.3459445975091029,-0.9828497383382108,0.6978315065230265,-0.9613399354109513,-1.1056571729702844,0.0,0.0,0.0,1.0,0.0,0.0,0.0,0.0,0.0,0.0,0.0,0.0,0.0,0.0,0.006548038524782711
-0.28802519464227533,0.1131379228906193,0.5949181067893032,-0.29356445482472027,-0.24063287746617792,-0.9102294441987615,-1.1961859893850901,-0.3459445975091029,0.15924976928693121,1.2287264842017966,1.0790783740858765,-0.6015355179446059,0.0,0.0,0.0,0.0,0.0,0.0,0.0,1.0,0.0,0.0,0.0,0.0,0.0,0.0,0.005578996718237224
-0.2873000720568351,0.2281708833399158,-0.44024160922019623,1.2920927802728528,-1.0787219302358626,1.098624095686401,-0.8228384306854276,1.0193442035557354,0.15924976928693121,1.2287264842017966,0.5323499358345247,1.279872111806934,0.0,0.0,0.0,0.0,0.0,0.0,0.0,0.0,0.0,0.0,1.0,0.0,0.0,0.0,0.00609632188579557
-0.29171040668608794,-0.8071257607037527,0.468639790430364,1.1788315491944545,0.7479721533991746,-0.9102294441987615,1.5905181265127992,-0.3459445975091029,-0.4745676401226237,-1.4517183740658524,1.0790783740858765,-0.6015355179446059,0.0,0.0,0.0,0.0,1.0,0.0,0.0,0.0,0.0,0.0,0.0,0.0,0.0,0.0,0.002283477409884195
-0.2756186452009762,-0.0018950375586772059,-0.36452000467584406,-1.312915534530303,0.4676430253937858,1.098624095686401,-1.052079210688049,-0.6868420533900584,0.15924976928693121,1.2287264842017966,1.279194871457263,0.08710746941832495,0.0,1.0,0.0,0.0,0.0,0.0,0.0,0.0,0.0,0.0,0.0,0.0,0.0,0.0,0.005579171094580234
-0.2199994251542873,1.9536652900793634,-0.9455719447540301,-0.29356445482472027,-1.1324337197283483,-0.9102294441987615,1.4464113478157588,0.7266089217330104,-1.2649250221373824,-0.4950786800372096,1.0790783740858765,-0.6015355179446059,0.0,0.0,0.0,0.0,0.0,0.0,0.0,0.0,0.0,0.0,0.0,0.0,1.0,0.0,0.0070486706689536875
-0.2918461602294809,-1.3822905629502353,1.4402897044310106,-1.539437996687099,0.2490674778260459,-0.9102294441987615,-1.1961859893850901,0.38571146585205485,-1.2649250221373824,-0.4950786800372096,-0.9613399354109522,1.2798721118069336,0.0,0.0,0.0,0.0,0.0,0.0,0.0,0.0,0.0,1.0,0.0,0.0,0.0,0.0,0.005579171094580234
-0.2646159860620818,-0.9796752013776975,0.009282860444150186,1.0655703181160565,0.14640456138442157,-0.9102294441987615,1.2171705678131368,1.0193442035557359,-1.2649250221373824,-0.4950786800372096,1.0790783740858765,-0.6015355179446059,0.0,0.0,0.0,1.0,0.0,0.0,0.0,0.0,0.0,0.0,0.0,0.0,0.0,0.0,0.0066519843588475885
-0.20022245162536287,-0.17444447823262196,-0.8494771980725846,1.2920927802728528,-1.5517802260763596,1.098624095686401,-0.8228384306854276,1.0193442035557354,0.15924976928693121,1.2287264842017966,0.5323499358345247,1.279872111806934,1.0,0.0,0.0,0.0,0.0,0.0,0.0,0.0,0.0,0.0,0.0,0.0,0.0,0.0,0.007754028723619446
4.989930196806932,-0.11692799800797371,1.2742310305968243,-0.06704199266792414,-0.2689571475550833,1.098624095686401,-0.524086029696101,-1.2042010172889877,1.3013492769120731,0.6978315065230267,0.5323499358345247,1.279872111806934,0.0,0.0,0.0,0.0,0.0,0.0,0.0,0.0,0.0,1.0,0.0,0.0,0.0,0.0,0.00507306531736306
1.9356244682577963,1.608566408731474,1.4906459215776,-1.426176765608701,0.001143394247484139,1.098624095686401,1.2171705678131368,1.0193442035557359,-0.9828497383382108,0.6978315065230265,0.5323499358345247,-1.1056571729702842,0.0,0.0,0.0,0.0,0.0,0.0,0.0,0.0,0.0,1.0,0.0,0.0,0.0,0.0,0.005370802365323062
-0.2822805020133311,-0.8071257607037527,1.6130482608345178,-0.7466093791383126,0.541629982619909,-0.9102294441987615,-0.5240860296961021,1.2439678856319394,-0.9828497383382108,0.6978315065230265,1.0790783740858765,0.7757504567812562,0.0,0.0,0.0,0.0,0.0,0.0,1.0,0.0,0.0,0.0,0.0,0.0,0.0,0.0,0.005016791740951118
-0.29243884033356216,1.3209840076082326,0.43539397552328235,-0.8598706102167106,-0.3560442820696012,-0.9102294441987615,-1.052079210688049,-0.6868420533900584,0.15924976928693121,1.2287264842017966,-0.2144949997882133,-1.2901785053075374,0.0,1.0,0.0,0.0,0.0,0.0,0.0,0.0,0.0,0.0,0.0,0.0,0.0,0.0,0.005579171094580234
-0.27659871956303234,-0.8071257607037527,-0.1892403771885554,1.4053540113512508,-0.4857232895121114,1.098624095686401,-1.2453381279560574,0.019883434171475936,-0.9828497383382108,0.6978315065230265,1.0790783740858765,-0.6015355179446059,0.0,0.0,0.0,0.0,0.0,1.0,0.0,0.0,0.0,0.0,0.0,0.0,0.0,0.0,0.006568794270111986
0.15001506820429872,-0.40451039913121495,0.6895513397408554,1.1788315491944545,-0.9685710791761311,1.098624095686401,0.9184181668238106,-1.2042010172889874,0.7930671786964866,-1.4517183740658521,-0.21449499978821382,1.4643934441441873,0.0,0.0,0.0,0.0,0.0,0.0,0.0,0.0,1.0,0.0,0.0,0.0,0.0,0.0,0.005370802365323062
-0.2936440669139285,0.2281708833399158,-0.09019580185627081,-0.29356445482472027,-0.07537107509162803,-0.9102294441987615,1.5905181265127992,0.3857114658520555,-1.2649250221373824,-0.4950786800372096,-0.9613399354109513,-1.1056571729702844,0.0,0.0,0.0,0.0,0.0,0.0,0.0,0.0,0.0,0.0,0.0,1.0,0.0,0.0,0.00609632188579557
-0.28933968626976286,1.9536652900793634,0.5657694945012832,-0.8598706102167106,0.4008595993497156,-0.9102294441987615,-1.0520792106880494,0.7266089217330104,0.15924976928693121,1.2287264842017966,-0.2144949997882133,-1.2901785053075374,0.0,0.0,0.0,0.0,0.0,0.0,0.0,1.0,0.0,0.0,0.0,0.0,0.0,0.0,0.0068654795108345846
2.493104671855901,0.5732697646878053,0.2859424601160274,-0.9731318412951087,1.0798566663865143,1.098624095686401,1.639670265083767,0.019883434171476283,0.15924976928693121,1.2287264842017966,-1.5080683736623033,0.7757504567812562,0.0,0.0,0.0,0.0,0.0,0.0,0.0,0.0,0.0,1.0,0.0,0.0,0.0,0.0,0.007754028723619446
-0.29196204740066994,2.4137971318765494,-0.2686040656003952,0.6125253938024643,-0.19502655657534895,-0.9102294441987615,1.2171705678131368,-0.9795773352127832,0.15924976928693121,1.2287264842017966,0.5323499358345247,1.279872111806934,1.0,0.0,0.0,0.0,0.0,0.0,0.0,0.0,0.0,0.0,0.0,0.0,0.0,0.0,0.0057821327683615815
-0.29188258191185457,-0.3469939189065667,-0.5201372257448723,0.7257866248808623,0.24972469803002534,1.098624095686401,-0.822838430685427,-0.9795773352127839,-0.4745676401226237,-1.4517183740658524,1.0790783740858765,0.7757504567812562,0.0,0.0,0.0,0.0,0.0,0.0,0.0,1.0,0.0,0.0,0.0,0.0,0.0,0.0,0.005522265303724592
-0.23986579735812902,2.6438630527751426,-0.3914243470025057,-1.652699227765497,0.9616912404518441,-0.9102294441987615,1.2171705678131368,-0.9795773352127832,1.3013492769120731,0.6978315065230267,0.5323499358345247,1.279872111806934,0.0,0.0,0.0,0.0,1.0,0.0,0.0,0.0,0.0,0.0,0.0,0.0,0.0,0.0,0.005370802365323062
-0.2933891151373126,1.7811158494054187,0.6580740502025688,-0.29356445482472027,1.2742338350376394,1.098624095686401,1.2171705678131368,-0.9795773352127832,-0.9828497383382108,0.6978315065230265,0.5323499358345247,1.279872111806934,0.0,0.0,0.0,0.0,0.0,0.0,0.0,0.0,0.0,0.0,0.0,1.0,0.0,0.0,0.006568794270111986
-0.2922931536040673,0.3432038437892123,-1.6163039449261458,-0.29356445482472027,-1.4968129454557104,1.098624095686401,-1.1961859893850901,-0.3459445975091029,-0.9828497383382108,0.6978315065230265,-1.5080683736623033,0.7757504567812562,0.0,0.0,0.0,0.0,0.0,0.0,0.0,0.0,0.0,0.0,1.0,0.0,0.0,0.0,0.005748611290530939
-0.2488155980359597,-0.634576320029808,-0.9305886875586172,-1.539437996687099,0.10239873899048597,1.098624095686401,-0.176181490135808,-1.3454053668933625,-0.9828497383382108,0.6978315065230265,-0.2144949997882133,-1.2901785053075374,0.0,0.0,0.0,0.0,0.0,0.0,1.0,0.0,0.0,0.0,0.0,0.0,0.0,0.0,0.00507306531736306
-0.29010454159961074,0.6883027251371018,-1.644492982878404,-0.06704199266792414,0.5381275067718753,1.098624095686401,-1.2453381279560574,0.019883434171475936,0.7930671786964866,-1.4517183740658521,-1.5080683736623028,-0.6015355179446069,0.0,0.0,0.0,0.0,0.0,1.0,0.0,0.0,0.0,0.0,0.0,0.0,0.0,0.0,0.005139364755995925
-0.29146207703353993,-0.9796752013776975,1.1475753483444717,-0.29356445482472027,-0.6175426693421671,-0.9102294441987615,-1.1961859893850901,-0.3459445975091029,-1.2649250221373824,-0.4950786800372096,-0.9613399354109513,-1.1056571729702844,0.0,0.0,0.0,0.0,0.0,0.0,1.0,0.0,0.0,0.0,0.0,0.0,0.0,0.0,0.0066519843588475885
-0.29227328723186347,-0.864642240928401,-2.353805578237629,-0.40682568590311835,1.1072473383599242,1.098624095686401,1.639670265083767,0.019883434171476283,-0.4745676401226237,-1.4517183740658524,-0.9613399354109513,-1.1056571729702844,0.0,0.0,0.0,0.0,0.0,0.0,0.0,0.0,0.0,0.0,0.0,0.0,1.0,0.0,0.0075075075075075074
-0.28802519464227533,0.1131379228906193,0.8527412734837381,-0.6333481480599145,-1.7362609431086138,-0.9102294441987615,-0.8228384306854276,1.0193442035557354,1.3013492769120731,0.6978315065230267,1.279194871457263,0.08710746941832495,0.0,0.0,0.0,0.0,0.0,1.0,0.0,0.0,0.0,0.0,0.0,0.0,0.0,0.0,0.005578996718237224
-0.29010454159961074,0.6883027251371018,-0.29802467071346767,-0.29356445482472027,0.277153990334747,1.098624095686401,-0.1761814901358091,1.3851722352363147,-1.2649250221373824,-0.4950786800372096,1.0790783740858765,-0.6015355179446059,0.0,0.0,0.0,0.0,0.0,1.0,0.0,0.0,0.0,0.0,0.0,0.0,0.0,0.0,0.005139364755995925
-0.29196204740066994,0.40072032401386054,-1.7783349524470027,0.4992641627240662,0.22604548570693883,1.098624095686401,0.19716606856385482,-1.3935675409515917,0.15924976928693121,1.2287264842017966,1.0790783740858765,-0.6015355179446059,0.0,1.0,0.0,0.0,0.0,0.0,0.0,0.0,0.0,0.0,0.0,0.0,0.0,0.0,0.005727713320605081
-0.2911905699467541,0.4582368042385088,-1.2682497190096977,-0.06704199266792414,1.0054922649296563,1.098624095686401,-1.0520792106880494,0.7266089217330104,0.7930671786964866,-1.4517183740658521,-1.5080683736623028,-0.6015355179446069,0.0,1.0,0.0,0.0,0.0,0.0,0.0,0.0,0.0,0.0,0.0,0.0,0.0,0.0,0.004595959595959596
-0.2688044795350584,1.205951047158936,-2.243507401263217,-0.7466093791383126,0.7205363487230075,-0.9102294441987615,1.639670265083767,0.019883434171476283,0.15924976928693121,1.2287264842017966,-0.21449499978821382,1.4643934441441873,0.0,1.0,0.0,0.0,0.0,0.0,0.0,0.0,0.0,0.0,0.0,0.0,0.0,0.0,0.005579171094580234
-0.29357122354918114,-0.5770598398051597,1.1949539031662455,0.7257866248808623,-0.5918488724486867,-0.9102294441987615,-0.8228384306854276,1.0193442035557354,-0.9828497383382108,0.6978315065230265,1.279194871457263,0.08710746941832495,0.0,0.0,0.0,0.0,0.0,0.0,0.0,1.0,0.0,0.0,0.0,0.0,0.0,0.0,0.00493485984998026
-0.06800181142269429,1.8386323296300668,-0.25952247729265043,0.159480469488872,0.549257884835,1.098624095686401,-0.176181490135808,-1.3454053668933625,-1.2649250221373824,-0.4950786800372096,-1.5080683736623028,-0.6015355179446069,0.0,0.0,0.0,0.0,0.0,0.0,0.0,1.0,0.0,0.0,0.0,0.0,0.0,0.0,0.004715291870598066
-0.12553482532501992,-0.6920928002544562,0.0762729851801559,-0.29356445482472027,-0.3237340715772306,-0.9102294441987615,-1.0520792106880494,0.7266089217330104,0.15924976928693121,1.2287264842017966,1.0790783740858765,-0.6015355179446059,0.0,0.0,0.0,0.0,0.0,0.0,1.0,0.0,0.0,0.0,0.0,0.0,0.0,0.0,0.006548038524782711
-0.25301071363300426,-0.8071257607037527,0.38106288505602653,1.4053540113512508,0.6864097095717673,-0.9102294441987615,-0.8228384306854276,1.0193442035557354,0.7930671786964866,-1.4517183740658521,1.279194871457263,0.08710746941832495,0.0,0.0,0.0,0.0,0.0,0.0,0.0,1.0,0.0,0.0,0.0,0.0,0.0,0.0,0.005016791740951118
-0.29360764523155486,1.666082888956122,-0.992616763419359,-0.7466093791383126,0.21306873763974316,1.098624095686401,-1.1961859893850901,-0.3459445975091029,0.15924976928693121,1.2287264842017966,-1.7081848710336898,0.08710746941832462,0.0,0.0,0.0,0.0,0.0,0.0,0.0,0.0,0.0,0.0,1.0,0.0,0.0,0.0,0.005838717396506341
-0.1374082937788493,-0.40451039913121495,0.7750318426788202,-1.539437996687099,0.7738023566951135,1.098624095686401,0.19716606856385482,-1.3935675409515917,0.7930671786964866,-1.4517183740658521,0.5323499358345247,-1.1056571729702842,0.0,0.0,0.0,0.0,0.0,0.0,1.0,0.0,0.0,0.0,0.0,0.0,0.0,0.0,0.005070993914807302
-0.2402697469262738,-0.17444447823262196,-1.911579884706682,-0.29356445482472027,0.24097101048166272,-0.9102294441987615,-1.1961859893850901,0.38571146585205485,0.15924976928693121,1.2287264842017966,1.0790783740858765,-0.6015355179446059,0.0,1.0,0.0,0.0,0.0,0.0,0.0,0.0,0.0,0.0,0.0,0.0,0.0,0.0,0.005727713320605081
-0.27431408675959057,0.05562144266597105,-0.8157067702278564,-0.8598706102167106,-1.7710313174763193,1.098624095686401,-0.524086029696101,-1.2042010172889877,0.15924976928693121,1.2287264842017966,-0.9613399354109513,-1.1056571729702844,0.0,0.0,0.0,0.0,0.0,0.0,0.0,0.0,0.0,0.0,0.0,0.0,1.0,0.0,0.005263157894736842
-0.29290570008035244,-0.864642240928401,-0.8776707045888508,-0.6333481480599145,0.2604892001671077,1.098624095686401,1.639670265083767,0.019883434171476283,0.15924976928693121,1.2287264842017966,1.0790783740858765,0.7757504567812562,0.0,0.0,0.0,0.0,0.0,0.0,0.0,0.0,0.0,1.0,0.0,0.0,0.0,0.0,0.0027689030883919063
-0.29295536601086203,0.05562144266597105,0.7924524308314642,1.4053540113512508,0.4019401276098926,-0.9102294441987615,0.5705136272635173,1.3851722352363152,0.7930671786964866,-1.4517183740658521,1.0790783740858765,0.7757504567812562,0.0,0.0,1.0,0.0,0.0,0.0,0.0,0.0,0.0,0.0,0.0,0.0,0.0,0.0,0.004802544050361813
-0.2872702724985293,-0.23196095845727022,-0.4408262244838229,-0.06704199266792414,1.0053682745043053,1.098624095686401,1.5905181265127992,-0.3459445975091029,1.583424560711245,-0.49507868003720934,1.0790783740858765,-0.6015355179446059,0.0,0.0,0.0,0.0,0.0,0.0,0.0,0.0,1.0,0.0,0.0,0.0,0.0,0.0,0.0066519843588475885
-0.29141241110303034,-0.8071257607037527,-2.2441174368716514,0.9523090870376585,0.6044025777096634,1.098624095686401,-1.052079210688049,-0.6868420533900584,-0.9828497383382108,0.6978315065230265,1.279194871457263,0.08710746941832495,0.0,0.0,0.0,0.0,0.0,1.0,0.0,0.0,0.0,0.0,0.0,0.0,0.0,0.0,0.005579171094580234
-0.2923063978522032,1.3209840076082326,0.17674678930772195,-0.06704199266792414,-0.029551071538545793,-0.9102294441987615,-1.0520792106880494,0.7266089217330104,-1.2649250221373824,-0.4950786800372096,-0.2144949997882133,-1.2901785053075374,0.0,0.0,0.0,0.0,0.0,1.0,0.0,0.0,0.0,0.0,0.0,0.0,0.0,0.0,0.004802544050361813
-0.292707036358314,-0.17444447823262196,-0.4014020010619571,-0.6333481480599145,-1.3946016120153384,-0.9102294441987615,0.19716606856385482,-1.3935675409515917,0.15924976928693121,1.2287264842017966,-0.2144949997882133,-1.2901785053075374,0.0,0.0,0.0,0.0,0.0,0.0,0.0,0.0,0.0,0.0,1.0,0.0,0.0,0.0,0.006568794270111986
1.5111628708125482,-0.8071257607037527,-0.052687478712605595,-1.539437996687099,-0.5447089686220626,-0.9102294441987615,-1.1961859893850901,-0.3459445975091029,-0.9828497383382108,0.6978315065230265,-0.2144949997882133,-1.2901785053075374,0.0,0.0,0.0,0.0,0.0,0.0,0.0,1.0,0.0,0.0,0.0,0.0,0.0,0.0,0.004802544050361813
-0.29253817219458134,2.4137971318765494,-0.5027521192907591,-0.1803032237463222,-0.09895145639357927,1.098624095686401,-0.8228384306854276,1.0193442035557354,1.583424560711245,-0.49507868003720934,-1.5080683736623028,-0.6015355179446069,0.0,0.0,0.0,0.0,0.0,0.0,0.0,0.0,0.0,0.0,1.0,0.0,0.0,0.0,0.0066519843588475885
-0.28886289333687065,-1.1522246420516422,-0.15842970360728373,-0.29356445482472027,0.7756386913723524,1.098624095686401,0.5705136272635176,-1.3454053668933625,1.3013492769120731,0.6978315065230267,-1.5080683736623028,-0.6015355179446069,0.0,0.0,0.0,0.0,1.0,0.0,0.0,0.0,0.0,0.0,0.0,0.0,0.0,0.0,0.006568794270111986
-0.2402697469262738,-0.17444447823262196,0.2724237441504851,0.8390478559592605,-0.3589185200941131,-0.9102294441987615,-0.822838430685427,-0.9795773352127839,0.15924976928693121,1.2287264842017966,1.279194871457263,0.08710746941832495,0.0,0.0,0.0,0.0,0.0,0.0,0.0,0.0,0.0,0.0,0.0,0.0,1.0,0.0,0.005727713320605081
-0.27431408675959057,0.05562144266597105,1.5391705378256548,0.2727417005672701,0.4795797022313901,1.098624095686401,1.639670265083767,0.019883434171476283,1.583424560711245,-0.49507868003720934,-0.21449499978821382,1.4643934441441873,0.0,0.0,1.0,0.0,0.0,0.0,0.0,0.0,0.0,0.0,0.0,0.0,0.0,0.0,0.005263157894736842
-0.28705174240428705,-0.11692799800797371,0.2833065069677362,-0.1803032237463222,2.0215656448384505,1.098624095686401,-0.822838430685427,-0.9795773352127839,1.3013492769120731,0.6978315065230267,1.0790783740858765,-0.6015355179446059,0.0,0.0,0.0,0.0,0.0,0.0,0.0,0.0,0.0,0.0,0.0,0.0,0.0,1.0,0.005579171094580234
1.075516505816537,0.3432038437892123,0.5270454893561576,-1.539437996687099,0.4529964126175413,-0.9102294441987615,1.5905181265127992,-0.3459445975091029,-1.2649250221373824,-0.4950786800372096,0.5323499358345247,-1.1056571729702842,0.0,0.0,1.0,0.0,0.0,0.0,0.0,0.0,0.0,0.0,0.0,0.0,0.0,0.0,0.005578996718237224
-0.2921540889986404,-0.17444447823262196,0.8383783926515437,1.6318764735080469,-1.7091144492132206,-0.9102294441987615,-0.1761814901358091,1.3851722352363147,-1.2649250221373824,-0.4950786800372096,1.279194871457263,0.08710746941832495,0.0,0.0,0.0,0.0,0.0,0.0,0.0,0.0,0.0,0.0,0.0,1.0,0.0,0.0,0.00507306531736306
7.599427851712051,0.8608521658110466,-2.2404945398687497,-0.6333481480599145,0.6626663004398029,-0.9102294441987615,0.9184181668238106,-1.2042010172889874,1.583424560711245,-0.49507868003720934,-0.2144949997882133,-1.2901785053075374,0.0,0.0,1.0,0.0,0.0,0.0,0.0,0.0,0.0,0.0,0.0,0.0,0.0,0.0,0.005741754573374282
-0.2913991668548944,-0.7496092804791045,0.8964597968739373,-1.199654303451905,0.7659068575209249,1.098624095686401,0.9184181668238106,1.2439678856319398,-0.4745676401226237,-1.4517183740658524,1.0790783740858765,-0.6015355179446059,0.0,0.0,0.0,0.0,0.0,0.0,0.0,0.0,0.0,0.0,0.0,1.0,0.0,0.0,0.0068654795108345846
-0.1783561979530011,0.17065440311526756,0.6730143231600753,0.04621923841047393,0.3219663054009114,-0.9102294441987615,-1.0520792106880494,0.7266089217330104,1.3013492769120731,0.6978315065230267,-0.2144949997882133,-1.2901785053075374,0.0,0.0,0.0,0.0,0.0,1.0,0.0,0.0,0.0,0.0,0.0,0.0,0.0,0.0,0.005741754573374282
-0.29338249301324465,0.40072032401386054,0.6721266755522414,-1.0863930723735067,0.10358935180957161,1.098624095686401,-1.052079210688049,-0.6868420533900584,1.583424560711245,-0.49507868003720934,0.5323499358345247,-1.1056571729702842,0.0,0.0,0.0,0.0,0.0,0.0,0.0,1.0,0.0,0.0,0.0,0.0,0.0,0.0,0.007369614512471655
-0.29330633858646327,1.608566408731474,-1.933459344681813,0.9523090870376585,-0.5059055255169654,-0.9102294441987615,0.19716606856385482,-1.3935675409515917,-0.9828497383382108,0.6978315065230265,-0.9613399354109522,1.2798721118069336,0.0,1.0,0.0,0.0,0.0,0.0,0.0,0.0,0.0,0.0,0.0,0.0,0.0,0.0,0.0066519843588475885
-0.2789263961729158,1.3785004878328808,0.44950838061287923,1.4053540113512508,-1.122737542232935,-0.9102294441987615,0.9184181668238106,1.2439678856319398,1.583424560711245,-0.49507868003720934,-1.5080683736623028,-0.6015355179446069,0.0,0.0,0.0,0.0,0.0,0.0,0.0,0.0,0.0,0.0,0.0,0.0,1.0,0.0,0.006568794270111986
-0.2931970735393421,-0.23196095845727022,-0.844212257154801,-0.1803032237463222,2.1050465533432505,1.098624095686401,-1.2453381279560574,0.019883434171475936,-1.2649250221373824,-0.4950786800372096,1.279194871457263,0.08710746941832495,0.0,0.0,0.0,0.0,0.0,0.0,0.0,0.0,0.0,0.0,0.0,0.0,0.0,1.0,0.005579171094580234
-0.28914102254772445,-1.4398070431748835,-0.8747071513063646,0.2727417005672701,-1.5109882778001102,-0.9102294441987615,-0.822838430685427,-0.9795773352127839,-0.9828497383382108,0.6978315065230265,-1.5080683736623028,-0.6015355179446069,0.0,1.0,0.0,0.0,0.0,0.0,0.0,0.0,0.0,0.0,0.0,0.0,0.0,0.0,0.004870499339979062
-0.2865484609751231,-0.7496092804791045,-2.1660186141603988,0.159480469488872,0.4419232051879719,-0.9102294441987615,0.9184181668238106,1.2439678856319398,0.15924976928693121,1.2287264842017966,-0.2144949997882133,-1.2901785053075374,0.0,0.0,1.0,0.0,0.0,0.0,0.0,0.0,0.0,0.0,0.0,0.0,0.0,0.0,0.006808838643371017
-0.2909223739220022,1.3785004878328808,-0.6456981992153935,-0.8598706102167106,1.0253819059377192,-0.9102294441987615,-0.8228384306854276,1.0193442035557354,0.15924976928693121,1.2287264842017966,-0.9613399354109513,-1.1056571729702844,0.0,0.0,0.0,0.0,0.0,1.0,0.0,0.0,0.0,0.0,0.0,0.0,0.0,0.0,0.005139364755995925
-0.2730459500005787,2.126214730753308,1.2847395008296134,-0.8598706102167106,0.7464154226070562,1.098624095686401,1.639670265083767,0.019883434171476283,-0.4745676401226237,-1.4517183740658524,1.279194871457263,0.08710746941832495,0.0,0.0,0.0,0.0,1.0,0.0,0.0,0.0,0.0,0.0,0.0,0.0,0.0,0.0,0.0070486706689536875
-0.005379695174151221,-0.8071257607037527,-1.2229041730628654,0.8390478559592605,0.7398078964894279,-0.9102294441987615,0.19716606856385466,1.4333344092945444,0.15924976928693121,1.2287264842017966,-1.7081848710336898,0.08710746941832462,0.0,0.0,0.0,1.0,0.0,0.0,0.0,0.0,0.0,0.0,0.0,0.0,0.0,0.0,0.00788296285775158
0.9607385404088415,-0.17444447823262196,0.5608680318073295,-0.8598706102167106,1.2039857178729452,-0.9102294441987615,1.4464113478157588,-0.6868420533900575,-1.2649250221373824,-0.4950786800372096,1.0790783740858765,0.7757504567812562,0.0,0.0,0.0,0.0,1.0,0.0,0.0,0.0,0.0,0.0,0.0,0.0,0.0,0.0,0.004715291870598066
-0.27472134738976933,1.2634675273835843,1.0330967231588764,-0.9731318412951087,-2.128966382554457,-0.9102294441987615,1.4464113478157588,-0.6868420533900575,-1.2649250221373824,-0.4950786800372096,1.279194871457263,0.08710746941832495,0.0,0.0,0.0,0.0,0.0,0.0,0.0,0.0,0.0,0.0,0.0,0.0,1.0,0.0,0.005263157894736842
-0.2929818545071338,0.9758851262603431,0.09455155579810094,-1.426176765608701,0.06684328944372277,-0.9102294441987615,1.4464113478157588,0.7266089217330104,1.3013492769120731,0.6978315065230267,-0.21449499978821382,1.4643934441441873,0.0,0.0,1.0,0.0,0.0,0.0,0.0,0.0,0.0,0.0,0.0,0.0,0.0,0.0,0.00507306531736306
-0.05716139432346466,-0.05941151778332546,0.21470699514345953,-1.312915534530303,1.3481484844640965,-0.9102294441987615,1.5905181265127992,-0.3459445975091029,0.15924976928693121,1.2287264842017966,-0.9613399354109522,1.2798721118069336,0.0,0.0,0.0,0.0,0.0,0.0,0.0,0.0,1.0,0.0,0.0,0.0,0.0,0.0,0.004595959595959596
-0.2863762857493565,2.06869825052866,-0.2803769417890636,0.3860029316456681,-0.09024731906282574,1.098624095686401,-0.822838430685427,-0.9795773352127839,1.3013492769120731,0.6978315065230267,1.0790783740858765,0.7757504567812562,0.0,1.0,0.0,0.0,0.0,0.0,0.0,0.0,0.0,0.0,0.0,0.0,0.0,0.0,0.0066519843588475885
-0.29229646466610126,0.515753284463157,1.0825920328350285,1.1788315491944545,0.9678324588635864,1.098624095686401,1.5905181265127992,0.3857114658520555,0.7930671786964866,-1.4517183740658521,1.279194871457263,0.08710746941832495,0.0,0.0,0.0,0.0,1.0,0.0,0.0,0.0,0.0,0.0,0.0,0.0,0.0,0.0,0.006034114125528579
-0.2895085504334955,1.0334016064849914,-0.7353170986983099,-0.8598706102167106,-1.1704258435782107,1.098624095686401,-1.052079210688049,-0.6868420533900584,1.3013492769120731,0.6978315065230267,0.5323499358345247,1.279872111806934,0.0,0.0,0.0,0.0,0.0,0.0,1.0,0.0,0.0,0.0,0.0,0.0,0.0,0.0,0.005263157894736842
-0.2918461602294809,-1.324774082725587,-1.2479100859223244,0.04621923841047393,0.560450891968899,-0.9102294441987615,-1.052079210688049,-0.6868420533900584,0.15924976928693121,1.2287264842017966,1.279194871457263,0.08710746941832495,1.0,0.0,0.0,0.0,0.0,0.0,0.0,0.0,0.0,0.0,0.0,0.0,0.0,0.0,0.005579171094580234
-0.29279312397119733,0.7458192053617501,-0.8604386694086789,1.2920927802728528,-1.112209897485807,-0.9102294441987615,0.9184181668238106,1.2439678856319398,0.15924976928693121,1.2287264842017966,1.0790783740858765,-0.6015355179446059,0.0,0.0,0.0,0.0,0.0,0.0,0.0,0.0,0.0,0.0,0.0,0.0,1.0,0.0,0.00609192276312211
-0.28933968626976286,1.896148809854715,0.3942098604343333,1.5186152424296488,-0.013936653759971405,-0.9102294441987615,-1.2453381279560574,0.019883434171475936,-0.9828497383382108,0.6978315065230265,-0.21449499978821382,1.4643934441441873,0.0,0.0,0.0,0.0,0.0,0.0,0.0,1.0,0.0,0.0,0.0,0.0,0.0,0.0,0.0068654795108345846
0.4918027577232596,-0.3469939189065667,0.0038273167359977253,0.2727417005672701,0.09721819402573226,-0.9102294441987615,-0.5240860296961021,1.2439678856319394,-0.9828497383382108,0.6978315065230265,-1.5080683736623028,-0.6015355179446069,0.0,0.0,0.0,0.0,0.0,0.0,0.0,0.0,0.0,0.0,1.0,0.0,0.0,0.0,0.006548038524782711
-0.2929520549488281,-1.55484000362418,-0.9471332763933321,0.7257866248808623,-0.1811643720322104,1.098624095686401,0.9184181668238106,-1.2042010172889874,-0.9828497383382108,0.6978315065230265,1.279194871457263,0.08710746941832495,0.0,0.0,0.0,1.0,0.0,0.0,0.0,0.0,0.0,0.0,0.0,0.0,0.0,0.0,0.006568794270111986
-0.2724334035242935,-0.3469939189065667,-1.7268213626762514,1.5186152424296488,-0.5102682147413873,-0.9102294441987615,-1.0520792106880494,0.7266089217330104,0.15924976928693121,1.2287264842017966,1.0790783740858765,-0.6015355179446059,0.0,0.0,0.0,0.0,0.0,0.0,0.0,0.0,0.0,0.0,1.0,0.0,0.0,0.0,0.005370802365323062
-0.2929520549488281,-1.6123564838488282,0.34860458507859754,0.3860029316456681,0.9732148974015998,1.098624095686401,-1.052079210688049,-0.6868420533900584,0.7930671786964866,-1.4517183740658521,-0.21449499978821382,1.4643934441441873,0.0,0.0,0.0,0.0,0.0,0.0,0.0,0.0,1.0,0.0,0.0,0.0,0.0,0.0,0.006568794270111986
-0.2930116540654396,1.205951047158936,1.568574832625218,0.159480469488872,1.0689665089332896,-0.9102294441987615,1.4464113478157588,-0.6868420533900575,1.3013492769120731,0.6978315065230267,-1.7081848710336898,0.08710746941832462,0.0,0.0,0.0,0.0,1.0,0.0,0.0,0.0,0.0,0.0,0.0,0.0,0.0,0.0,0.0058619693907017035
-0.05716139432346466,-0.05941151778332546,-0.07909750721643519,-0.9731318412951087,1.0865303443833378,-0.9102294441987615,-0.5240860296961021,1.2439678856319394,-0.4745676401226237,-1.4517183740658524,-0.2144949997882133,-1.2901785053075374,0.0,0.0,0.0,0.0,0.0,0.0,0.0,1.0,0.0,0.0,0.0,0.0,0.0,0.0,0.004595959595959596
-0.28455851269270493,2.4137971318765494,-0.5548998792451559,0.2727417005672701,1.2186288778131755,-0.9102294441987615,-0.822838430685427,-0.9795773352127839,1.583424560711245,-0.49507868003720934,-0.21449499978821382,1.4643934441441873,0.0,0.0,0.0,0.0,0.0,0.0,1.0,0.0,0.0,0.0,0.0,0.0,0.0,0.0,0.00507306531736306
-0.291581275266763,-0.40451039913121495,-1.571142493971746,0.9523090870376585,-0.12806761672559713,1.098624095686401,1.639670265083767,0.019883434171476283,1.583424560711245,-0.49507868003720934,-0.9613399354109513,-1.1056571729702844,0.0,0.0,0.0,0.0,0.0,0.0,0.0,0.0,0.0,1.0,0.0,0.0,0.0,0.0,0.00507306531736306
-0.29373015452681184,0.8608521658110466,0.4800531594636561,-0.7466093791383126,-2.1576987080163472,-0.9102294441987615,0.19716606856385466,1.4333344092945444,1.583424560711245,-0.49507868003720934,-1.5080683736623033,0.7757504567812562,0.0,0.0,0.0,0.0,0.0,0.0,0.0,0.0,0.0,0.0,0.0,0.0,1.0,0.0,0.005019475565192949
-0.29352155761867155,-0.0018950375586772059,1.6151302559444758,-1.199654303451905,0.4212682509512739,-0.9102294441987615,1.639670265083767,0.019883434171476283,-0.4745676401226237,-1.4517183740658524,-0.2144949997882133,-1.2901785053075374,0.0,0.0,1.0,0.0,0.0,0.0,0.0,0.0,0.0,0.0,0.0,0.0,0.0,0.0,0.005748611290530939
-0.2871113415208986,0.1131379228906193,1.9934621364974607,-0.1803032237463222,0.27905401357340504,-0.9102294441987615,-1.1961859893850901,-0.3459445975091029,-0.9828497383382108,0.6978315065230265,-0.9613399354109513,-1.1056571729702844,0.0,0.0,0.0,0.0,0.0,0.0,1.0,0.0,0.0,0.0,0.0,0.0,0.0,0.0,0.005139364755995925
-0.23365093392036052,-0.05941151778332546,-1.9435137659938337,-1.652699227765497,-1.8359023985321357,1.098624095686401,-0.8228384306854276,1.0193442035557354,-0.9828497383382108,0.6978315065230265,1.279194871457263,0.08710746941832495,1.0,0.0,0.0,0.0,0.0,0.0,0.0,0.0,0.0,0.0,0.0,0.0,0.0,0.0,0.0027689030883919063
-0.2934454031918901,0.05562144266597105,0.4433196832576288,-0.29356445482472027,0.5851397396462611,1.098624095686401,1.5905181265127992,-0.3459445975091029,-1.2649250221373824,-0.4950786800372096,-0.2144949997882133,-1.2901785053075374,0.0,0.0,1.0,0.0,0.0,0.0,0.0,0.0,0.0,0.0,0.0,0.0,0.0,0.0,0.005741754573374282
-0.27580406467487867,0.6883027251371018,-1.0062806944249039,-1.539437996687099,0.23647331277724679,1.098624095686401,-1.0520792106880494,0.7266089217330104,0.15924976928693121,1.2287264842017966,-0.21449499978821382,1.4643934441441873,0.0,0.0,0.0,0.0,0.0,0.0,1.0,0.0,0.0,0.0,0.0,0.0,0.0,0.0,0.006034114125528579
-0.1106019355517989,1.4360169680575292,1.1255092665203497,-1.312915534530303,0.6657463257273188,1.098624095686401,1.639670265083767,0.019883434171476283,0.15924976928693121,1.2287264842017966,1.279194871457263,0.08710746941832495,0.0,1.0,0.0,0.0,0.0,0.0,0.0,0.0,0.0,0.0,0.0,0.0,0.0,0.0,0.005578996718237224
1.2289742979051124,0.2281708833399158,0.8288990132003707,1.6318764735080469,0.7533104377785101,1.098624095686401,1.2171705678131368,-0.9795773352127832,-1.2649250221373824,-0.4950786800372096,-0.9613399354109522,1.2798721118069336,0.0,0.0,0.0,0.0,1.0,0.0,0.0,0.0,0.0,0.0,0.0,0.0,0.0,0.0,0.006548038524782711
0.2783551437031502,-0.5195433595805115,-0.2778344617551847,0.6125253938024643,-0.9078211345349314,1.098624095686401,-1.2453381279560574,0.019883434171475936,-0.9828497383382108,0.6978315065230265,1.0790783740858765,-0.6015355179446059,0.0,0.0,0.0,0.0,0.0,0.0,0.0,0.0,0.0,0.0,0.0,0.0,0.0,1.0,0.005741754573374282
2.4123180692889785,-1.784905924522773,1.3942586094653857,-1.652699227765497,0.6489473529358716,1.098624095686401,-0.8228384306854276,1.0193442035557354,1.583424560711245,-0.49507868003720934,0.5323499358345247,-1.1056571729702842,0.0,1.0,0.0,0.0,0.0,0.0,0.0,0.0,0.0,0.0,0.0,0.0,0.0,0.0,0.005701642413411624
-0.29296861025899795,-1.784905924522773,0.4496912736830377,-0.8598706102167106,0.1991703304474191,1.098624095686401,1.2171705678131368,-0.9795773352127832,0.15924976928693121,1.2287264842017966,-0.2144949997882133,-1.2901785053075374,0.0,0.0,0.0,1.0,0.0,0.0,0.0,0.0,0.0,0.0,0.0,0.0,0.0,0.0,0.0070486706689536875
-0.2317371400647238,2.3562806516519013,0.8226839413455451,-1.312915534530303,-1.2970318613966652,1.098624095686401,1.4464113478157588,-0.6868420533900575,-1.2649250221373824,-0.4950786800372096,1.0790783740858765,-0.6015355179446059,0.0,0.0,0.0,0.0,0.0,0.0,0.0,0.0,0.0,0.0,0.0,1.0,0.0,0.0,0.007418060706986602
-0.2917567615545636,2.7013795329997907,-1.9774082728005684,1.0655703181160565,-1.0823722150868242,1.098624095686401,-0.1761814901358091,1.3851722352363147,0.15924976928693121,1.2287264842017966,0.5323499358345247,-1.1056571729702842,0.0,0.0,0.0,0.0,0.0,0.0,0.0,0.0,0.0,0.0,0.0,0.0,0.0,1.0,0.005741754573374282
-0.2936109562935888,2.2412476912026045,0.46646239365669256,0.7257866248808623,-0.5302097782617321,-0.9102294441987615,0.9184181668238106,1.2439678856319398,-1.2649250221373824,-0.4950786800372096,1.0790783740858765,0.7757504567812562,1.0,0.0,0.0,0.0,0.0,0.0,0.0,0.0,0.0,0.0,0.0,0.0,0.0,0.0,0.007369614512471655
0.4918027577232596,0.6883027251371018,0.27025232282614475,-0.5200869169815164,-1.5738712991384272,1.098624095686401,1.639670265083767,0.019883434171476283,1.3013492769120731,0.6978315065230267,-0.2144949997882133,-1.2901785053075374,0.0,0.0,0.0,0.0,0.0,0.0,0.0,0.0,0.0,1.0,0.0,0.0,0.0,0.0,0.006548038524782711
-0.25251074326587425,2.298764171427253,0.9211267976170247,0.3860029316456681,-1.287440591136919,-0.9102294441987615,-1.1961859893850901,-0.3459445975091029,-0.4745676401226237,-1.4517183740658524,-0.2144949997882133,-1.2901785053075374,0.0,0.0,0.0,0.0,0.0,0.0,0.0,0.0,0.0,0.0,0.0,0.0,0.0,1.0,0.005016791740951118
-0.2792045253837696,0.6883027251371018,0.10521385112956173,0.6125253938024643,-1.1304847636795643,-0.9102294441987615,0.5705136272635176,-1.3454053668933625,-0.4745676401226237,-1.4517183740658524,-0.2144949997882133,-1.2901785053075374,0.0,0.0,0.0,0.0,0.0,0.0,0.0,0.0,0.0,0.0,0.0,0.0,1.0,0.0,0.006808838643371017
4.283624376905781,-0.9796752013776975,-0.12100450157247658,1.6318764735080469,-1.122737542232935,1.098624095686401,-0.822838430685427,-0.9795773352127839,0.15924976928693121,1.2287264842017966,-0.21449499978821382,1.4643934441441873,0.0,0.0,0.0,0.0,0.0,0.0,0.0,0.0,0.0,0.0,0.0,1.0,0.0,0.0,0.0066519843588475885
0.6200070796787182,1.3209840076082326,0.7388707058152356,0.8390478559592605,0.5029157333892978,-0.9102294441987615,1.2171705678131368,-0.9795773352127832,0.15924976928693121,1.2287264842017966,-0.21449499978821382,1.4643934441441873,0.0,0.0,1.0,0.0,0.0,0.0,0.0,0.0,0.0,0.0,0.0,0.0,0.0,0.0,0.006548038524782711
-0.2877371322453196,-0.864642240928401,0.2924886381649729,0.8390478559592605,-1.3417236246317406,-0.9102294441987615,0.5705136272635173,1.3851722352363152,1.583424560711245,-0.49507868003720934,-1.5080683736623033,0.7757504567812562,0.0,0.0,0.0,0.0,0.0,0.0,0.0,0.0,1.0,0.0,0.0,0.0,0.0,0.0,0.004802544050361813
-0.29079655356471124,0.515753284463157,1.0513262702911401,-1.539437996687099,-1.197535842817054,1.098624095686401,-0.5240860296961021,1.2439678856319394,0.7930671786964866,-1.4517183740658521,0.5323499358345247,-1.1056571729702842,0.0,0.0,0.0,0.0,0.0,0.0,0.0,1.0,0.0,0.0,0.0,0.0,0.0,0.0,0.004804026231508312
-0.2931738961051043,0.7458192053617501,-0.5479447040626114,-0.5200869169815164,-1.8480797930417447,-0.9102294441987615,1.2171705678131368,1.0193442035557359,-1.2649250221373824,-0.4950786800372096,0.5323499358345247,-1.1056571729702842,0.0,0.0,0.0,0.0,0.0,0.0,0.0,0.0,0.0,0.0,0.0,0.0,1.0,0.0,0.004870499339979062
-0.2613545899586178,-0.05941151778332546,-0.17214964844325353,-1.199654303451905,0.2587054583770385,1.098624095686401,-0.1761814901358091,1.3851722352363147,1.3013492769120731,0.6978315065230267,0.5323499358345247,-1.1056571729702842,1.0,0.0,0.0,0.0,0.0,0.0,0.0,0.0,0.0,0.0,0.0,0.0,0.0,0.0,0.0068654795108345846
-0.2898760783192666,-0.40451039913121495,1.080650448993614,-0.7466093791383126,0.6264390839816336,1.098624095686401,-0.176181490135808,-1.3454053668933625,-1.2649250221373824,-0.4950786800372096,1.0790783740858765,0.7757504567812562,0.0,0.0,0.0,0.0,0.0,1.0,0.0,0.0,0.0,0.0,0.0,0.0,0.0,0.0,0.004802544050361813
-0.29091244073590034,-0.864642240928401,0.5544205069217994,0.159480469488872,0.2987282156803844,-0.9102294441987615,-1.1961859893850901,0.38571146585205485,-0.9828497383382108,0.6978315065230265,1.279194871457263,0.08710746941832495,0.0,0.0,0.0,0.0,0.0,0.0,0.0,0.0,0.0,0.0,0.0,0.0,1.0,0.0,0.005139364755995925
-0.29122036950505986,-0.7496092804791045,0.23163225348387445,-1.539437996687099,0.03976457448675638,1.098624095686401,1.5905181265127992,0.3857114658520555,-1.2649250221373824,-0.4950786800372096,-0.9613399354109522,1.2798721118069336,0.0,0.0,0.0,0.0,0.0,0.0,0.0,0.0,0.0,1.0,0.0,0.0,0.0,0.0,0.005701642413411624
-0.2888463380267008,-1.7273894442981248,-1.4646290081861042,1.1788315491944545,0.4224522004551166,1.098624095686401,1.4464113478157588,-0.6868420533900575,1.583424560711245,-0.49507868003720934,-0.2144949997882133,-1.2901785053075374,0.0,0.0,1.0,0.0,0.0,0.0,0.0,0.0,0.0,0.0,0.0,0.0,0.0,0.0,0.0058619693907017035
-0.1796342678981149,0.17065440311526756,0.8234862334597137,-1.312915534530303,-1.381040355777218,-0.9102294441987615,1.5905181265127992,0.3857114658520555,0.7930671786964866,-1.4517183740658521,-0.9613399354109513,-1.1056571729702844,0.0,0.0,0.0,0.0,0.0,0.0,0.0,0.0,0.0,1.0,0.0,0.0,0.0,0.0,0.0066519843588475885
-0.29133625667624896,-0.6920928002544562,-0.057473239302550536,-0.7466093791383126,0.9779824060433997,-0.9102294441987615,0.9184181668238106,1.2439678856319398,-0.9828497383382108,0.6978315065230265,-0.2144949997882133,-1.2901785053075374,0.0,0.0,0.0,0.0,1.0,0.0,0.0,0.0,0.0,0.0,0.0,0.0,0.0,0.0,0.004802544050361813
0.6229671691370906,-1.3822905629502353,1.5865164821894964,-1.0863930723735067,-0.477711259657347,1.098624095686401,-0.8228384306854276,1.0193442035557354,1.3013492769120731,0.6978315065230267,-1.5080683736623028,-0.6015355179446069,0.0,0.0,0.0,0.0,0.0,0.0,1.0,0.0,0.0,0.0,0.0,0.0,0.0,0.0,0.0091273374888691
-0.29173689518235973,-0.46202687935586323,-0.5004455267570714,-1.652699227765497,0.6158577097278775,1.098624095686401,-0.176181490135808,-1.3454053668933625,-1.2649250221373824,-0.4950786800372096,1.0790783740858765,0.7757504567812562,0.0,0.0,0.0,0.0,0.0,1.0,0.0,0.0,0.0,0.0,0.0,0.0,0.0,0.0,0.0058619693907017035
-0.28682990124801083,0.05562144266597105,-1.136017535997084,0.6125253938024643,1.288567394391822,-0.9102294441987615,-0.8228384306854276,1.0193442035557354,1.3013492769120731,0.6978315065230267,1.0790783740858765,-0.6015355179446059,0.0,0.0,0.0,0.0,0.0,0.0,0.0,0.0,0.0,1.0,0.0,0.0,0.0,0.0,0.005070993914807302
-0.2741518447199259,0.1131379228906193,1.2714280973158285,1.6318764735080469,-0.1519534090521852,-0.9102294441987615,-1.1961859893850901,0.38571146585205485,0.7930671786964866,-1.4517183740658521,0.5323499358345247,-1.1056571729702842,0.0,0.0,0.0,0.0,0.0,0.0,1.0,0.0,0.0,0.0,0.0,0.0,0.0,0.0,0.0066519843588475885
-0.29326660584205555,-0.05941151778332546,-0.697772378315951,-1.426176765608701,0.1283712055951008,1.098624095686401,0.5705136272635176,-1.3454053668933625,-0.9828497383382108,0.6978315065230265,1.0790783740858765,0.7757504567812562,0.0,0.0,0.0,0.0,0.0,0.0,0.0,0.0,0.0,1.0,0.0,0.0,0.0,0.0,0.0070486706689536875
-0.28522072509949964,-1.2672576025009388,0.7800545065588388,-0.40682568590311835,0.0036284772213729596,-0.9102294441987615,-1.1961859893850901,-0.3459445975091029,-0.9828497383382108,0.6978315065230265,0.5323499358345247,-1.1056571729702842,0.0,0.0,0.0,0.0,0.0,0.0,0.0,1.0,0.0,0.0,0.0,0.0,0.0,0.0,0.006568794270111986
-0.1356766083350811,0.40072032401386054,0.011320579128026326,0.7257866248808623,0.5451167146677909,1.098624095686401,0.5705136272635176,-1.3454053668933625,1.583424560711245,-0.49507868003720934,0.5323499358345247,-1.1056571729702842,0.0,0.0,0.0,0.0,1.0,0.0,0.0,0.0,0.0,0.0,0.0,0.0,0.0,0.0,0.0070486706689536875
-0.29024691726707164,0.17065440311526756,0.4947698252398517,0.4992641627240662,-2.1951786601081875,-0.9102294441987615,-0.822838430685427,-0.9795773352127839,-1.2649250221373824,-0.4950786800372096,-0.2144949997882133,-1.2901785053075374,0.0,0.0,0.0,0.0,0.0,0.0,0.0,0.0,0.0,0.0,0.0,0.0,1.0,0.0,0.005263157894736842
-0.27510543058571024,-0.9221587211530492,-0.29647044996745775,-1.426176765608701,0.4641629434818213,1.098624095686401,1.4464113478157588,0.7266089217330104,-0.9828497383382108,0.6978315065230265,-0.9613399354109522,1.2798721118069336,0.0,0.0,0.0,0.0,1.0,0.0,0.0,0.0,0.0,0.0,0.0,0.0,0.0,0.0,0.004804026231508312
-0.290826353123017,1.666082888956122,1.1835203147654683,1.745137704586445,-0.2812339535002509,1.098624095686401,-1.1961859893850901,-0.3459445975091029,-1.2649250221373824,-0.4950786800372096,-1.5080683736623028,-0.6015355179446069,0.0,0.0,0.0,0.0,0.0,1.0,0.0,0.0,0.0,0.0,0.0,0.0,0.0,0.0,0.006568794270111986
-0.286180933089352,0.515753284463157,-1.584860567513369,-1.426176765608701,0.8314419157047062,1.098624095686401,1.5905181265127992,-0.3459445975091029,-0.9828497383382108,0.6978315065230265,1.279194871457263,0.08710746941832495,0.0,0.0,0.0,0.0,1.0,0.0,0.0,0.0,0.0,0.0,0.0,0.0,0.0,0.0,0.00507306531736306
-0.29296198813492996,0.6883027251371018,0.5834898847311434,0.8390478559592605,1.0164487849495638,1.098624095686401,-1.2453381279560574,0.019883434171475936,-0.9828497383382108,0.6978315065230265,1.0790783740858765,0.7757504567812562,0.0,0.0,0.0,0.0,0.0,0.0,0.0,0.0,0.0,0.0,1.0,0.0,0.0,0.0,0.00609192276312211
-0.2402697469262738,-0.17444447823262196,0.8402625103320711,-1.539437996687099,1.4120766498905846,-0.9102294441987615,0.9184181668238106,-1.2042010172889874,1.3013492769120731,0.6978315065230267,-0.2144949997882133,-1.2901785053075374,0.0,0.0,0.0,0.0,1.0,0.0,0.0,0.0,0.0,0.0,0.0,0.0,0.0,0.0,0.005727713320605081
-0.29063431152504654,-1.324774082725587,0.7462074120327203,0.6125253938024643,0.5168902855734389,1.098624095686401,1.639670265083767,0.019883434171476283,1.3013492769120731,0.6978315065230267,1.0790783740858765,-0.6015355179446059,0.0,0.0,1.0,0.0,0.0,0.0,0.0,0.0,0.0,0.0,0.0,0.0,0.0,0.0,0.005579171094580234
-0.276764272664731,-1.1522246420516422,-0.9457334540152381,-1.199654303451905,0.8219969913636767,-0.9102294441987615,-1.052079210688049,-0.6868420533900584,-0.9828497383382108,0.6978315065230265,0.5323499358345247,-1.1056571729702842,0.0,1.0,0.0,0.0,0.0,0.0,0.0,0.0,0.0,0.0,0.0,0.0,0.0,0.0,0.005019475565192949
-0.2696918441601634,-0.9221587211530492,0.9742102166467141,-0.29356445482472027,0.9699120421449555,1.098624095686401,-1.052079210688049,-0.6868420533900584,0.15924976928693121,1.2287264842017966,1.0790783740858765,-0.6015355179446059,0.0,0.0,0.0,0.0,0.0,1.0,0.0,0.0,0.0,0.0,0.0,0.0,0.0,0.0,0.005139364755995925
-0.29285272308780885,-0.9796752013776975,-0.2723094858153452,1.1788315491944545,1.7749516919784338,-0.9102294441987615,0.5705136272635173,1.3851722352363152,1.583424560711245,-0.49507868003720934,-0.2144949997882133,-1.2901785053075374,0.0,0.0,0.0,0.0,0.0,0.0,0.0,0.0,1.0,0.0,0.0,0.0,0.0,0.0,0.005479771481870118
-0.29218388855694616,-0.40451039913121495,0.14182830610270503,-1.539437996687099,0.8465773206297031,-0.9102294441987615,0.5705136272635176,-1.3454053668933625,0.15924976928693121,1.2287264842017966,-0.21449499978821382,1.4643934441441873,0.0,0.0,0.0,0.0,1.0,0.0,0.0,0.0,0.0,0.0,0.0,0.0,0.0,0.0,0.004595959595959596
-0.2604904027677507,-0.23196095845727022,0.8352499172748512,0.9523090870376585,0.7213415107691302,-0.9102294441987615,0.19716606856385482,-1.3935675409515917,-0.9828497383382108,0.6978315065230265,1.0790783740858765,0.7757504567812562,1.0,0.0,0.0,0.0,0.0,0.0,0.0,0.0,0.0,0.0,0.0,0.0,0.0,0.0,0.004715291870598066
2.930621786901107,1.0334016064849914,0.012548064435440999,1.1788315491944545,-0.3216729080101179,-0.9102294441987615,-1.2453381279560574,0.019883434171475936,-0.9828497383382108,0.6978315065230265,0.5323499358345247,-1.1056571729702842,0.0,0.0,0.0,0.0,0.0,0.0,0.0,0.0,0.0,0.0,1.0,0.0,0.0,0.0,0.005741754573374282
-0.2831811108865719,1.148434566934288,-0.6836178346469879,1.745137704586445,0.892227656246964,1.098624095686401,0.9184181668238106,1.2439678856319398,1.3013492769120731,0.6978315065230267,1.279194871457263,0.08710746941832495,0.0,0.0,0.0,0.0,1.0,0.0,0.0,0.0,0.0,0.0,0.0,0.0,0.0,0.0,0.005701642413411624
-0.2855154096205233,1.5510499285068255,1.5446470965725838,-0.6333481480599145,0.23060387746990857,1.098624095686401,-1.0520792106880494,0.7266089217330104,-0.9828497383382108,0.6978315065230265,1.279194871457263,0.08710746941832495,0.0,0.0,0.0,0.0,0.0,0.0,0.0,1.0,0.0,0.0,0.0,0.0,0.0,0.0,0.005579171094580234
-0.29281630140543513,-0.17444447823262196,-0.7414183733909707,0.04621923841047393,-2.10467003974753,-0.9102294441987615,-0.176181490135808,-1.3454053668933625,0.7930671786964866,-1.4517183740658521,0.5323499358345247,-1.1056571729702842,0.0,0.0,0.0,0.0,0.0,0.0,0.0,0.0,0.0,0.0,0.0,0.0,1.0,0.0,0.006034114125528579
-0.057658053628560704,-1.2097411222762906,-0.7183177842627372,1.4053540113512508,0.6241113721057095,1.098624095686401,1.4464113478157588,-0.6868420533900575,-1.2649250221373824,-0.4950786800372096,-1.7081848710336898,0.08710746941832462,0.0,0.0,1.0,0.0,0.0,0.0,0.0,0.0,0.0,0.0,0.0,0.0,0.0,0.0,0.004715291870598066
-0.2857902277693431,0.3432038437892123,-0.07778771690450659,-0.06704199266792414,0.6727271950410555,-0.9102294441987615,-1.052079210688049,-0.6868420533900584,-1.2649250221373824,-0.4950786800372096,-0.2144949997882133,-1.2901785053075374,0.0,0.0,0.0,0.0,0.0,0.0,0.0,1.0,0.0,0.0,0.0,0.0,0.0,0.0,0.00507306531736306
-0.23076368782673554,-0.17444447823262196,0.2979849394402546,-0.06704199266792414,-1.1612580981303975,1.098624095686401,-0.176181490135808,-1.3454053668933625,0.7930671786964866,-1.4517183740658521,-1.5080683736623028,-0.6015355179446069,0.0,0.0,0.0,0.0,0.0,0.0,0.0,0.0,0.0,1.0,0.0,0.0,0.0,0.0,0.006034114125528579
-0.2803633970956604,-0.11692799800797371,-0.8993152020716751,0.3860029316456681,0.8214470557863398,-0.9102294441987615,-1.1961859893850901,-0.3459445975091029,-0.4745676401226237,-1.4517183740658524,-0.9613399354109513,-1.1056571729702844,0.0,1.0,0.0,0.0,0.0,0.0,0.0,0.0,0.0,0.0,0.0,0.0,0.0,0.0,0.005019475565192949
-0.29226997616982947,0.7458192053617501,-1.070005801692717,-0.9731318412951087,-1.3227881660745477,-0.9102294441987615,-1.052079210688049,-0.6868420533900584,1.3013492769120731,0.6978315065230267,0.5323499358345247,-1.1056571729702842,0.0,0.0,0.0,0.0,0.0,1.0,0.0,0.0,0.0,0.0,0.0,0.0,0.0,0.0,0.0058619693907017035
-0.13967968233415523,0.17065440311526756,-0.631625878832327,-1.652699227765497,-0.28286388496643106,-0.9102294441987615,0.19716606856385482,-1.3935675409515917,-1.2649250221373824,-0.4950786800372096,-0.2144949997882133,-1.2901785053075374,0.0,0.0,0.0,0.0,0.0,0.0,1.0,0.0,0.0,0.0,0.0,0.0,0.0,0.0,0.00507306531736306
-0.2884523216446579,1.148434566934288,0.8959311771802199,1.1788315491944545,0.11324488633052003,-0.9102294441987615,-1.2453381279560574,0.019883434171475936,1.3013492769120731,0.6978315065230267,1.0790783740858765,0.7757504567812562,0.0,0.0,0.0,0.0,0.0,0.0,1.0,0.0,0.0,0.0,0.0,0.0,0.0,0.0,0.004802544050361813
-0.13967968233415523,0.17065440311526756,0.23587438879875552,-1.539437996687099,1.3152586869986012,-0.9102294441987615,-0.524086029696101,-1.2042010172889877,0.15924976928693121,1.2287264842017966,-1.7081848710336898,0.08710746941832462,0.0,0.0,0.0,0.0,0.0,0.0,0.0,0.0,0.0,1.0,0.0,0.0,0.0,0.0,0.00507306531736306
9.330411350329051,-0.634576320029808,1.6851303070611916,1.4053540113512508,1.4081027366057297,-0.9102294441987615,0.9184181668238106,1.2439678856319398,-0.4745676401226237,-1.4517183740658524,-0.2144949997882133,-1.2901785053075374,0.0,0.0,0.0,0.0,1.0,0.0,0.0,0.0,0.0,0.0,0.0,0.0,0.0,0.0,0.00507306531736306
-0.29273683591661975,1.0909180867096395,1.314884234223836,-0.6333481480599145,0.3630543917843097,-0.9102294441987615,0.5705136272635176,-1.3454053668933625,-0.9828497383382108,0.6978315065230265,-0.9613399354109522,1.2798721118069336,0.0,0.0,1.0,0.0,0.0,0.0,0.0,0.0,0.0,0.0,0.0,0.0,0.0,0.0,0.005741754573374282
-0.289323130959593,0.1131379228906193,-0.3102562232814756,0.4992641627240662,0.4972069010019363,-0.9102294441987615,1.2171705678131368,-0.9795773352127832,1.583424560711245,-0.49507868003720934,-0.9613399354109522,1.2798721118069336,0.0,0.0,1.0,0.0,0.0,0.0,0.0,0.0,0.0,0.0,0.0,0.0,0.0,0.0,0.0075075075075075074
-0.29343547000578823,-1.094708161826994,0.371513730188179,0.7257866248808623,1.054378939825434,1.098624095686401,-0.176181490135808,-1.3454053668933625,1.3013492769120731,0.6978315065230267,-1.5080683736623033,0.7757504567812562,0.0,0.0,0.0,0.0,0.0,0.0,0.0,0.0,0.0,0.0,0.0,0.0,1.0,0.0,0.005741754573374282
-0.29368048859630225,-0.9796752013776975,0.3444852153660881,1.0655703181160565,1.1139060765472848,1.098624095686401,0.9184181668238106,1.2439678856319398,1.583424560711245,-0.49507868003720934,-0.21449499978821382,1.4643934441441873,0.0,0.0,0.0,0.0,0.0,0.0,0.0,0.0,0.0,0.0,0.0,0.0,1.0,0.0,0.00609632188579557
4.759510078800674,-0.634576320029808,-0.7847916964481888,-0.1803032237463222,1.4186185367085722,-0.9102294441987615,0.5705136272635176,-1.3454053668933625,0.7930671786964866,-1.4517183740658521,0.5323499358345247,-1.1056571729702842,0.0,0.0,0.0,0.0,1.0,0.0,0.0,0.0,0.0,0.0,0.0,0.0,0.0,0.0,0.005579171094580234
-0.2908892633016625,-1.4398070431748835,-0.626387055663234,0.2727417005672701,-1.1592354526574964,1.098624095686401,-1.052079210688049,-0.6868420533900584,0.15924976928693121,1.2287264842017966,0.5323499358345247,-1.1056571729702842,0.0,0.0,0.0,0.0,0.0,1.0,0.0,0.0,0.0,0.0,0.0,0.0,0.0,0.0,0.00493485984998026
-0.29010454159961074,0.6883027251371018,1.1998200896815552,-1.426176765608701,-1.1859503931087898,1.098624095686401,-1.1961859893850901,-0.3459445975091029,1.3013492769120731,0.6978315065230267,-0.21449499978821382,1.4643934441441873,0.0,0.0,0.0,0.0,0.0,0.0,1.0,0.0,0.0,0.0,0.0,0.0,0.0,0.0,0.005139364755995925
-0.29278981290916334,-0.3469939189065667,0.044251296734303745,0.2727417005672701,-0.9669928810745544,-0.9102294441987615,-0.8228384306854276,1.0193442035557354,0.15924976928693121,1.2287264842017966,1.0790783740858765,0.7757504567812562,0.0,0.0,0.0,0.0,0.0,0.0,0.0,0.0,0.0,0.0,0.0,1.0,0.0,0.0,0.0070486706689536875
-0.28958801592231087,2.1837312109779563,1.8168635459056248,-0.9731318412951087,0.9951330151875724,-0.9102294441987615,0.9184181668238106,-1.2042010172889874,1.3013492769120731,0.6978315065230267,1.0790783740858765,-0.6015355179446059,0.0,0.0,0.0,0.0,1.0,0.0,0.0,0.0,0.0,0.0,0.0,0.0,0.0,0.0,0.007754028723619446
-0.29133294561421497,1.7235993691807703,0.33081911712010187,0.8390478559592605,-1.1256336903366604,-0.9102294441987615,0.9184181668238106,-1.2042010172889874,-0.4745676401226237,-1.4517183740658524,-1.5080683736623028,-0.6015355179446069,0.0,0.0,0.0,0.0,0.0,0.0,0.0,0.0,0.0,0.0,0.0,0.0,1.0,0.0,0.00493485984998026
-0.2889787805080597,1.896148809854715,0.42870382246827327,-0.29356445482472027,0.47234115830484036,-0.9102294441987615,0.5705136272635173,1.3851722352363152,0.15924976928693121,1.2287264842017966,1.0790783740858765,-0.6015355179446059,0.0,0.0,1.0,0.0,0.0,0.0,0.0,0.0,0.0,0.0,0.0,0.0,0.0,0.0,0.005579171094580234
-0.2913991668548944,-0.6920928002544562,-1.3794971561750828,1.2920927802728528,0.612161035061739,1.098624095686401,-0.8228384306854276,1.0193442035557354,1.583424560711245,-0.49507868003720934,0.5323499358345247,-1.1056571729702842,0.0,0.0,0.0,0.0,0.0,1.0,0.0,0.0,0.0,0.0,0.0,0.0,0.0,0.0,0.0068654795108345846
-0.23076368782673554,-0.17444447823262196,1.3766977889942547,-0.9731318412951087,0.47982389681843524,1.098624095686401,1.639670265083767,0.019883434171476283,-1.2649250221373824,-0.4950786800372096,-0.21449499978821382,1.4643934441441873,0.0,0.0,1.0,0.0,0.0,0.0,0.0,0.0,0.0,0.0,0.0,0.0,0.0,0.0,0.006034114125528579
-0.2790389722820709,-0.17444447823262196,0.47543101755632083,0.2727417005672701,-0.9529317570834334,1.098624095686401,-1.0520792106880494,0.7266089217330104,0.15924976928693121,1.2287264842017966,-0.9613399354109522,1.2798721118069336,0.0,0.0,0.0,0.0,0.0,0.0,0.0,0.0,0.0,0.0,0.0,0.0,1.0,0.0,0.005370802365323062
-0.29094555135624006,-0.05941151778332546,-0.3576340287131574,0.159480469488872,0.3622024596840177,-0.9102294441987615,1.2171705678131368,-0.9795773352127832,-1.2649250221373824,-0.4950786800372096,-1.5080683736623028,-0.6015355179446069,0.0,0.0,1.0,0.0,0.0,0.0,0.0,0.0,0.0,0.0,0.0,0.0,0.0,0.0,0.005701642413411624
-0.18990518232750106,-1.324774082725587,0.7156085175288787,-0.06704199266792414,0.30578830964492726,-0.9102294441987615,0.19716606856385466,1.4333344092945444,-0.9828497383382108,0.6978315065230265,-0.21449499978821382,1.4643934441441873,0.0,0.0,1.0,0.0,0.0,0.0,0.0,0.0,0.0,0.0,0.0,0.0,0.0,0.0,0.0070486706689536875
-0.29010454159961074,0.6883027251371018,-0.705069341413647,0.7257866248808623,0.002273964480192687,1.098624095686401,0.19716606856385482,-1.3935675409515917,-0.9828497383382108,0.6978315065230265,-0.21449499978821382,1.4643934441441873,0.0,0.0,0.0,0.0,0.0,0.0,0.0,0.0,0.0,0.0,1.0,0.0,0.0,0.0,0.005139364755995925
-0.29198522483490774,-1.324774082725587,0.6377703158186105,-1.652699227765497,0.5126891879601353,1.098624095686401,-0.5240860296961021,1.2439678856319394,1.3013492769120731,0.6978315065230267,0.5323499358345247,1.279872111806934,0.0,0.0,0.0,0.0,0.0,0.0,0.0,1.0,0.0,0.0,0.0,0.0,0.0,0.0,0.0057821327683615815
-0.17205855796438324,1.896148809854715,-1.9539485061768644,-0.9731318412951087,-1.4139947245989488,-0.9102294441987615,1.2171705678131368,1.0193442035557359,-0.9828497383382108,0.6978315065230265,-0.2144949997882133,-1.2901785053075374,0.0,0.0,0.0,0.0,0.0,0.0,0.0,0.0,0.0,0.0,0.0,0.0,1.0,0.0,0.0070486706689536875
-0.2896443039768884,0.8608521658110466,0.5033137945382574,-0.06704199266792414,0.29222543664377715,-0.9102294441987615,1.639670265083767,0.019883434171476283,0.15924976928693121,1.2287264842017966,-0.9613399354109513,-1.1056571729702844,0.0,0.0,1.0,0.0,0.0,0.0,0.0,0.0,0.0,0.0,0.0,0.0,0.0,0.0,0.0066519843588475885
-0.29066080002131833,-0.05941151778332546,-1.1601373418587964,0.7257866248808623,0.3602109718138739,1.098624095686401,-1.052079210688049,-0.6868420533900584,-0.9828497383382108,0.6978315065230265,-1.7081848710336898,0.08710746941832462,0.0,1.0,0.0,0.0,0.0,0.0,0.0,0.0,0.0,0.0,0.0,0.0,0.0,0.0,0.004802544050361813
-0.27422799914670726,-0.0018950375586772059,0.8760339193833271,0.3860029316456681,0.4212682509512739,1.098624095686401,0.19716606856385482,-1.3935675409515917,1.583424560711245,-0.49507868003720934,-0.2144949997882133,-1.2901785053075374,0.0,0.0,0.0,0.0,0.0,0.0,0.0,1.0,0.0,0.0,0.0,0.0,0.0,0.0,0.006034114125528579
0.2783551437031502,-0.5195433595805115,-1.9493284153979813,-0.29356445482472027,-0.91074824781727,1.098624095686401,-1.052079210688049,-0.6868420533900584,-1.2649250221373824,-0.4950786800372096,1.0790783740858765,-0.6015355179446059,0.0,0.0,0.0,0.0,0.0,0.0,0.0,0.0,0.0,1.0,0.0,0.0,0.0,0.0,0.005741754573374282
-0.28258843078249063,2.6438630527751426,-2.203818466516002,1.745137704586445,0.7472806587250374,1.098624095686401,1.2171705678131368,1.0193442035557359,-0.9828497383382108,0.6978315065230265,1.279194871457263,0.08710746941832495,1.0,0.0,0.0,0.0,0.0,0.0,0.0,0.0,0.0,0.0,0.0,0.0,0.0,0.0,0.005016791740951118
-0.26241081874745537,-1.1522246420516422,-1.1932478525979608,-1.312915534530303,-1.3796971795119997,1.098624095686401,-1.1961859893850901,-0.3459445975091029,0.15924976928693121,1.2287264842017966,-0.9613399354109522,1.2798721118069336,1.0,0.0,0.0,0.0,0.0,0.0,0.0,0.0,0.0,0.0,0.0,0.0,0.0,0.0,0.00788296285775158
1.0625437647674285,-0.634576320029808,1.1057778351723355,-0.40682568590311835,0.3607804902677571,1.098624095686401,1.5905181265127992,-0.3459445975091029,1.3013492769120731,0.6978315065230267,0.5323499358345247,-1.1056571729702842,0.0,0.0,1.0,0.0,0.0,0.0,0.0,0.0,0.0,0.0,0.0,0.0,0.0,0.0,0.00609192276312211
9.330411350329051,-0.634576320029808,1.3519471878472042,-0.8598706102167106,0.1605353432365952,-0.9102294441987615,1.2171705678131368,-0.9795773352127832,1.583424560711245,-0.49507868003720934,0.5323499358345247,-1.1056571729702842,0.0,0.0,0.0,0.0,0.0,0.0,0.0,0.0,0.0,1.0,0.0,0.0,0.0,0.0,0.00507306531736306
-0.29340235938544845,-1.55484000362418,-0.4179810743283757,-0.6333481480599145,1.268381248191426,-0.9102294441987615,-0.8228384306854276,1.0193442035557354,1.3013492769120731,0.6978315065230267,-1.7081848710336898,0.08710746941832462,0.0,0.0,0.0,0.0,0.0,0.0,0.0,0.0,0.0,1.0,0.0,0.0,0.0,0.0,0.006568794270111986
2.144029334800164,1.205951047158936,0.48422169659046504,-1.312915534530303,0.5964607069657057,-0.9102294441987615,1.5905181265127992,-0.3459445975091029,0.15924976928693121,1.2287264842017966,1.279194871457263,0.08710746941832495,0.0,1.0,0.0,0.0,0.0,0.0,0.0,0.0,0.0,0.0,0.0,0.0,0.0,0.0,0.0057821327683615815
-0.27524118412910314,-0.0018950375586772059,-2.112735722077196,-0.29356445482472027,-1.1562113392780151,-0.9102294441987615,1.2171705678131368,1.0193442035557359,0.15924976928693121,1.2287264842017966,0.5323499358345247,-1.1056571729702842,0.0,0.0,0.0,0.0,0.0,0.0,0.0,0.0,0.0,1.0,0.0,0.0,0.0,0.0,0.005016791740951118
-0.2930315204376434,0.28568736356456403,-1.046566409767869,0.9523090870376585,0.8853825986426462,-0.9102294441987615,0.19716606856385482,-1.3935675409515917,0.15924976928693121,1.2287264842017966,-0.2144949997882133,-1.2901785053075374,0.0,0.0,0.0,0.0,0.0,0.0,0.0,1.0,0.0,0.0,0.0,0.0,0.0,0.0,0.0041211101766190075
-0.29010454159961074,0.6883027251371018,0.6143398079859806,-1.652699227765497,1.0629456448155354,1.098624095686401,1.2171705678131368,-0.9795773352127832,1.3013492769120731,0.6978315065230267,0.5323499358345247,1.279872111806934,0.0,0.0,0.0,0.0,1.0,0.0,0.0,0.0,0.0,0.0,0.0,0.0,0.0,0.0,0.005139364755995925
-0.28317779982453795,-1.3822905629502353,1.420960706062967,1.1788315491944545,-0.9436973135050538,1.098624095686401,-1.052079210688049,-0.6868420533900584,-0.4745676401226237,-1.4517183740658524,-0.9613399354109513,-1.1056571729702844,0.0,0.0,0.0,0.0,0.0,0.0,0.0,0.0,0.0,0.0,1.0,0.0,0.0,0.0,0.007418060706986602
-0.2402697469262738,-0.23196095845727022,-0.14513522206633234,-0.5200869169815164,0.0542677516590337,-0.9102294441987615,-0.176181490135808,-1.3454053668933625,1.583424560711245,-0.49507868003720934,-0.21449499978821382,1.4643934441441873,0.0,0.0,0.0,0.0,0.0,1.0,0.0,0.0,0.0,0.0,0.0,0.0,0.0,0.0,0.005727713320605081
-0.2179300113830538,0.17065440311526756,-0.5400733845968564,-0.7466093791383126,-1.080544925432979,1.098624095686401,1.5905181265127992,0.3857114658520555,0.7930671786964866,-1.4517183740658521,1.0790783740858765,-0.6015355179446059,0.0,0.0,0.0,0.0,0.0,0.0,0.0,0.0,1.0,0.0,0.0,0.0,0.0,0.0,0.0070486706689536875
-0.29198522483490774,-1.324774082725587,0.8575689438873324,1.5186152424296488,-2.168753775413798,1.098624095686401,-0.822838430685427,-0.9795773352127839,-0.9828497383382108,0.6978315065230265,-0.21449499978821382,1.4643934441441873,0.0,1.0,0.0,0.0,0.0,0.0,0.0,0.0,0.0,0.0,0.0,0.0,0.0,0.0,0.0057821327683615815
-0.2765821642528625,-1.094708161826994,0.25771295060552385,0.9523090870376585,1.0196205730573729,-0.9102294441987615,-1.2453381279560574,0.019883434171475936,0.15924976928693121,1.2287264842017966,1.0790783740858765,0.7757504567812562,1.0,0.0,0.0,0.0,0.0,0.0,0.0,0.0,0.0,0.0,0.0,0.0,0.0,0.0,0.005727713320605081
-0.2920646903237231,-0.5770598398051597,0.5843499965912976,-1.539437996687099,-0.8366843663312633,-0.9102294441987615,-0.822838430685427,-0.9795773352127839,0.15924976928693121,1.2287264842017966,-0.21449499978821382,1.4643934441441873,0.0,0.0,0.0,0.0,0.0,0.0,0.0,0.0,0.0,0.0,1.0,0.0,0.0,0.0,0.005578996718237224
